,sst,chl,kd_490,par,Zeu
0,29.0,2.0,2.0,28.0,2.0
1,29.0,2.0,2.0,28.0,2.0
2,0.0,0.0,0.0,21.0,0.0
3,0.0,0.0,0.0,21.0,0.0
4,29.0,11.0,11.0,28.0,11.0
5,29.0,11.0,11.0,28.0,11.0
6,29.0,2.0,2.0,28.0,2.0
7,29.0,2.0,2.0,28.0,2.0
8,29.0,2.0,2.0,28.0,2.0
9,29.0,2.0,2.0,28.0,2.0
10,29.0,2.0,2.0,28.0,2.0
11,29.0,2.0,2.0,28.0,2.0
12,29.0,0.0,0.0,28.0,0.0
13,29.0,0.0,0.0,28.0,0.0
14,29.0,7.0,7.0,28.0,7.0
15,29.0,7.0,7.0,28.0,7.0
16,29.0,11.0,11.0,27.0,11.0
17,29.0,11.0,11.0,27.0,11.0
18,29.0,5.0,5.0,25.0,5.0
19,29.0,5.0,5.0,25.0,5.0
20,29.0,5.0,5.0,25.0,5.0
21,29.0,5.0,5.0,25.0,5.0
22,29.0,6.0,6.0,26.0,6.0
23,29.0,6.0,6.0,26.0,6.0
24,29.0,10.0,10.0,25.0,10.0
25,29.0,10.0,10.0,25.0,10.0
26,29.0,6.0,6.0,26.0,6.0
27,29.0,6.0,6.0,26.0,6.0
28,29.0,7.0,7.0,24.0,7.0
29,29.0,7.0,7.0,24.0,7.0
30,29.0,7.0,7.0,26.0,7.0
31,29.0,7.0,7.0,26.0,7.0
32,29.0,11.0,11.0,24.0,11.0
33,29.0,11.0,11.0,24.0,11.0
34,29.0,6.0,6.0,25.0,6.0
35,29.0,6.0,6.0,25.0,6.0
36,29.0,8.0,8.0,25.0,8.0
37,29.0,8.0,8.0,25.0,8.0
38,29.0,10.0,10.0,24.0,10.0
39,29.0,10.0,10.0,24.0,10.0
40,29.0,6.0,6.0,23.0,6.0
41,29.0,6.0,6.0,23.0,6.0
42,29.0,6.0,6.0,25.0,6.0
43,29.0,6.0,6.0,25.0,6.0
44,29.0,6.0,6.0,25.0,6.0
45,29.0,6.0,6.0,25.0,6.0
46,29.0,18.0,18.0,24.0,18.0
47,29.0,18.0,18.0,24.0,18.0
48,29.0,21.0,21.0,22.0,21.0
49,29.0,21.0,21.0,22.0,21.0
50,29.0,18.0,18.0,22.0,18.0
51,29.0,18.0,18.0,22.0,18.0
52,29.0,17.0,17.0,24.0,17.0
53,29.0,6.0,6.0,25.0,6.0
54,29.0,6.0,6.0,25.0,6.0
55,29.0,9.0,9.0,27.0,9.0
56,29.0,9.0,9.0,27.0,9.0
57,29.0,11.0,11.0,25.0,11.0
58,29.0,11.0,11.0,25.0,11.0
59,29.0,11.0,11.0,25.0,11.0
60,29.0,11.0,11.0,25.0,11.0
61,29.0,7.0,7.0,26.0,7.0
62,29.0,7.0,7.0,26.0,7.0
63,29.0,8.0,8.0,26.0,8.0
64,29.0,8.0,8.0,26.0,8.0
65,29.0,7.0,7.0,25.0,7.0
66,29.0,7.0,7.0,25.0,7.0
67,29.0,9.0,9.0,25.0,9.0
68,29.0,9.0,9.0,25.0,9.0
69,29.0,8.0,8.0,24.0,8.0
70,29.0,8.0,8.0,24.0,8.0
71,29.0,11.0,11.0,24.0,11.0
72,29.0,10.0,10.0,24.0,10.0
73,29.0,9.0,9.0,24.0,9.0
74,29.0,9.0,9.0,24.0,9.0
75,29.0,11.0,11.0,25.0,11.0
76,29.0,11.0,11.0,24.0,11.0
77,29.0,11.0,11.0,24.0,11.0
78,29.0,10.0,10.0,25.0,10.0
79,29.0,11.0,11.0,25.0,11.0
80,29.0,11.0,11.0,25.0,11.0
81,29.0,15.0,15.0,20.0,15.0
82,29.0,15.0,15.0,20.0,15.0
83,29.0,16.0,16.0,20.0,16.0
84,29.0,16.0,16.0,20.0,16.0
85,29.0,17.0,17.0,21.0,17.0
86,29.0,17.0,17.0,21.0,17.0
87,29.0,10.0,10.0,19.0,10.0
88,29.0,10.0,10.0,19.0,10.0
89,29.0,16.0,16.0,19.0,16.0
90,29.0,16.0,16.0,19.0,16.0
91,29.0,15.0,15.0,19.0,15.0
92,29.0,15.0,15.0,19.0,15.0
93,29.0,11.0,11.0,20.0,11.0
94,29.0,11.0,11.0,20.0,11.0
95,29.0,13.0,13.0,20.0,13.0
96,29.0,13.0,13.0,20.0,13.0
97,29.0,10.0,10.0,19.0,10.0
98,29.0,10.0,10.0,19.0,10.0
99,29.0,12.0,12.0,19.0,12.0
100,29.0,11.0,11.0,20.0,11.0
101,29.0,11.0,11.0,22.0,11.0
102,29.0,5.0,5.0,23.0,5.0
103,29.0,5.0,5.0,23.0,5.0
104,29.0,12.0,12.0,23.0,12.0
105,29.0,12.0,12.0,23.0,12.0
106,29.0,6.0,6.0,23.0,6.0
107,29.0,5.0,5.0,24.0,5.0
108,29.0,7.0,7.0,25.0,7.0
109,29.0,2.0,2.0,21.0,2.0
110,29.0,10.0,10.0,23.0,10.0
111,29.0,3.0,3.0,28.0,3.0
112,29.0,2.0,2.0,28.0,2.0
113,29.0,11.0,11.0,25.0,11.0
114,29.0,11.0,11.0,25.0,11.0
115,29.0,11.0,11.0,25.0,11.0
116,29.0,9.0,9.0,28.0,9.0
117,29.0,9.0,9.0,28.0,9.0
118,29.0,9.0,9.0,28.0,9.0
119,29.0,9.0,9.0,28.0,9.0
120,29.0,9.0,9.0,28.0,9.0
121,29.0,9.0,9.0,28.0,9.0
122,29.0,8.0,8.0,28.0,8.0
123,29.0,8.0,8.0,28.0,8.0
124,29.0,8.0,8.0,28.0,8.0
125,29.0,9.0,9.0,28.0,9.0
126,29.0,9.0,9.0,28.0,9.0
127,29.0,9.0,9.0,28.0,9.0
128,29.0,8.0,8.0,28.0,8.0
129,29.0,8.0,8.0,28.0,8.0
130,29.0,8.0,8.0,28.0,8.0
131,29.0,2.0,2.0,28.0,2.0
132,29.0,2.0,2.0,28.0,2.0
133,29.0,2.0,2.0,28.0,2.0
134,29.0,2.0,2.0,28.0,2.0
135,29.0,2.0,2.0,28.0,2.0
136,29.0,2.0,2.0,28.0,2.0
137,29.0,3.0,3.0,28.0,3.0
138,29.0,3.0,3.0,28.0,3.0
139,29.0,3.0,3.0,28.0,3.0
140,29.0,2.0,2.0,28.0,2.0
141,29.0,2.0,2.0,28.0,2.0
142,29.0,2.0,2.0,28.0,2.0
143,29.0,3.0,3.0,28.0,3.0
144,29.0,3.0,3.0,28.0,3.0
145,29.0,3.0,3.0,28.0,3.0
146,29.0,7.0,7.0,28.0,7.0
147,29.0,7.0,7.0,28.0,7.0
148,29.0,8.0,8.0,28.0,8.0
149,29.0,8.0,8.0,28.0,8.0
150,29.0,8.0,8.0,28.0,8.0
151,29.0,7.0,7.0,28.0,7.0
152,29.0,7.0,7.0,28.0,7.0
153,29.0,7.0,7.0,28.0,7.0
154,29.0,16.0,16.0,24.0,16.0
155,29.0,0.0,0.0,25.0,0.0
156,29.0,15.0,15.0,25.0,15.0
157,29.0,15.0,15.0,25.0,15.0
158,29.0,15.0,15.0,25.0,15.0
159,29.0,15.0,15.0,25.0,15.0
160,29.0,14.0,14.0,24.0,14.0
161,29.0,14.0,14.0,24.0,14.0
162,29.0,14.0,14.0,24.0,14.0
163,29.0,13.0,13.0,25.0,13.0
164,29.0,13.0,13.0,25.0,13.0
165,29.0,13.0,13.0,25.0,13.0
166,29.0,7.0,7.0,24.0,7.0
167,29.0,7.0,7.0,24.0,7.0
168,29.0,7.0,7.0,24.0,7.0
169,29.0,8.0,8.0,25.0,8.0
170,29.0,8.0,8.0,25.0,8.0
171,29.0,7.0,7.0,25.0,7.0
172,29.0,7.0,7.0,25.0,7.0
173,29.0,7.0,7.0,25.0,7.0
174,29.0,7.0,7.0,26.0,7.0
175,29.0,7.0,7.0,26.0,7.0
176,29.0,7.0,7.0,26.0,7.0
177,29.0,7.0,7.0,27.0,7.0
178,29.0,7.0,7.0,27.0,7.0
179,29.0,7.0,7.0,27.0,7.0
180,29.0,4.0,4.0,25.0,4.0
181,29.0,4.0,4.0,25.0,4.0
182,29.0,4.0,4.0,25.0,4.0
183,29.0,6.0,6.0,25.0,6.0
184,29.0,8.0,8.0,25.0,8.0
185,29.0,7.0,7.0,25.0,7.0
186,29.0,7.0,7.0,24.0,7.0
187,29.0,7.0,7.0,24.0,7.0
188,29.0,7.0,7.0,24.0,7.0
189,29.0,10.0,10.0,24.0,10.0
190,29.0,10.0,10.0,24.0,10.0
191,29.0,5.0,5.0,20.0,5.0
192,29.0,5.0,5.0,23.0,5.0
193,29.0,6.0,6.0,14.0,6.0
194,29.0,8.0,8.0,26.0,8.0
195,29.0,1.0,1.0,26.0,1.0
196,29.0,2.0,2.0,26.0,2.0
197,29.0,2.0,2.0,26.0,2.0
198,29.0,6.0,6.0,26.0,6.0
199,29.0,4.0,4.0,25.0,4.0
200,29.0,5.0,5.0,25.0,5.0
201,29.0,7.0,7.0,27.0,7.0
202,29.0,7.0,7.0,27.0,7.0
203,29.0,1.0,1.0,26.0,1.0
204,29.0,1.0,1.0,26.0,1.0
205,29.0,2.0,2.0,26.0,2.0
206,29.0,3.0,3.0,26.0,3.0
207,29.0,4.0,4.0,26.0,4.0
208,29.0,3.0,3.0,26.0,3.0
209,29.0,3.0,3.0,26.0,3.0
210,29.0,1.0,1.0,26.0,1.0
211,29.0,1.0,1.0,26.0,1.0
212,29.0,5.0,5.0,26.0,5.0
213,29.0,5.0,5.0,26.0,5.0
214,29.0,4.0,4.0,26.0,4.0
215,29.0,4.0,4.0,26.0,4.0
216,29.0,4.0,4.0,26.0,4.0
217,29.0,4.0,4.0,26.0,4.0
218,29.0,4.0,4.0,26.0,4.0
219,29.0,1.0,1.0,26.0,1.0
220,29.0,1.0,1.0,26.0,1.0
221,29.0,1.0,1.0,26.0,1.0
222,29.0,0.0,0.0,26.0,0.0
223,29.0,0.0,0.0,26.0,0.0
224,29.0,0.0,0.0,26.0,0.0
225,29.0,1.0,1.0,26.0,1.0
226,29.0,1.0,1.0,26.0,1.0
227,29.0,1.0,1.0,26.0,1.0
228,29.0,1.0,1.0,26.0,1.0
229,29.0,1.0,1.0,26.0,1.0
230,29.0,5.0,5.0,26.0,5.0
231,29.0,5.0,5.0,26.0,5.0
232,29.0,5.0,5.0,26.0,5.0
233,29.0,8.0,8.0,26.0,8.0
234,29.0,8.0,8.0,26.0,8.0
235,29.0,8.0,8.0,26.0,8.0
236,29.0,11.0,11.0,25.0,11.0
237,29.0,11.0,11.0,25.0,11.0
238,29.0,11.0,11.0,25.0,11.0
239,29.0,16.0,16.0,25.0,16.0
240,29.0,16.0,16.0,25.0,16.0
241,29.0,17.0,17.0,23.0,17.0
242,29.0,17.0,17.0,23.0,17.0
243,29.0,16.0,16.0,24.0,16.0
244,29.0,16.0,16.0,24.0,16.0
245,29.0,13.0,13.0,23.0,13.0
246,29.0,13.0,13.0,23.0,13.0
247,29.0,13.0,13.0,23.0,13.0
248,29.0,13.0,13.0,23.0,13.0
249,29.0,16.0,16.0,24.0,16.0
250,29.0,16.0,16.0,24.0,16.0
251,29.0,16.0,16.0,24.0,16.0
252,29.0,16.0,16.0,24.0,16.0
253,29.0,12.0,12.0,26.0,12.0
254,29.0,12.0,12.0,26.0,12.0
255,29.0,10.0,10.0,26.0,10.0
256,29.0,10.0,10.0,26.0,10.0
257,29.0,11.0,11.0,25.0,11.0
258,29.0,11.0,11.0,25.0,11.0
259,29.0,13.0,13.0,25.0,13.0
260,29.0,13.0,13.0,25.0,13.0
261,29.0,8.0,8.0,26.0,8.0
262,29.0,8.0,8.0,26.0,8.0
263,29.0,8.0,8.0,26.0,8.0
264,29.0,4.0,4.0,26.0,4.0
265,29.0,4.0,4.0,26.0,4.0
266,29.0,6.0,6.0,26.0,6.0
267,29.0,6.0,6.0,26.0,6.0
268,29.0,8.0,8.0,26.0,8.0
269,29.0,8.0,8.0,26.0,8.0
270,29.0,8.0,8.0,26.0,8.0
271,29.0,8.0,8.0,26.0,8.0
272,29.0,11.0,11.0,26.0,11.0
273,29.0,11.0,11.0,26.0,11.0
274,29.0,9.0,9.0,26.0,9.0
275,29.0,9.0,9.0,26.0,9.0
276,29.0,7.0,7.0,26.0,7.0
277,29.0,7.0,7.0,26.0,7.0
278,29.0,5.0,5.0,26.0,5.0
279,29.0,5.0,5.0,26.0,5.0
280,29.0,10.0,10.0,26.0,10.0
281,29.0,10.0,10.0,26.0,10.0
282,29.0,8.0,8.0,26.0,8.0
283,29.0,8.0,8.0,26.0,8.0
284,29.0,8.0,8.0,24.0,8.0
285,29.0,11.0,11.0,25.0,11.0
286,29.0,11.0,11.0,25.0,11.0
287,29.0,13.0,13.0,25.0,13.0
288,29.0,13.0,13.0,25.0,13.0
289,29.0,11.0,11.0,25.0,11.0
290,29.0,11.0,11.0,25.0,11.0
291,29.0,10.0,10.0,25.0,10.0
292,29.0,10.0,10.0,25.0,10.0
293,29.0,11.0,11.0,23.0,11.0
294,29.0,11.0,11.0,23.0,11.0
295,29.0,10.0,10.0,22.0,10.0
296,29.0,10.0,10.0,22.0,10.0
297,29.0,8.0,8.0,24.0,8.0
298,29.0,13.0,13.0,24.0,13.0
299,29.0,13.0,13.0,24.0,13.0
300,29.0,7.0,7.0,24.0,7.0
301,29.0,7.0,7.0,24.0,7.0
302,29.0,11.0,11.0,23.0,11.0
303,29.0,11.0,11.0,23.0,11.0
304,29.0,13.0,13.0,23.0,13.0
305,29.0,13.0,13.0,23.0,13.0
306,29.0,8.0,8.0,25.0,8.0
307,29.0,8.0,8.0,25.0,8.0
308,29.0,10.0,10.0,25.0,10.0
309,29.0,10.0,10.0,25.0,10.0
310,29.0,10.0,10.0,24.0,10.0
311,29.0,11.0,11.0,24.0,11.0
312,29.0,11.0,11.0,24.0,11.0
313,29.0,9.0,9.0,24.0,9.0
314,29.0,9.0,9.0,24.0,9.0
315,29.0,12.0,12.0,24.0,12.0
316,29.0,12.0,12.0,24.0,12.0
317,29.0,11.0,11.0,24.0,11.0
318,29.0,11.0,11.0,24.0,11.0
319,29.0,10.0,10.0,24.0,10.0
320,29.0,10.0,10.0,24.0,10.0
321,29.0,6.0,6.0,27.0,6.0
322,29.0,6.0,6.0,27.0,6.0
323,29.0,7.0,7.0,24.0,7.0
324,29.0,7.0,7.0,24.0,7.0
325,29.0,10.0,10.0,24.0,10.0
326,29.0,10.0,10.0,24.0,10.0
327,29.0,11.0,11.0,25.0,11.0
328,29.0,11.0,11.0,25.0,11.0
329,29.0,10.0,10.0,24.0,10.0
330,29.0,10.0,10.0,24.0,10.0
331,29.0,6.0,6.0,29.0,6.0
332,29.0,10.0,10.0,25.0,10.0
333,29.0,10.0,10.0,25.0,10.0
334,29.0,10.0,10.0,25.0,10.0
335,29.0,10.0,10.0,25.0,10.0
336,29.0,10.0,10.0,25.0,10.0
337,29.0,12.0,12.0,26.0,12.0
338,29.0,12.0,12.0,26.0,12.0
339,29.0,12.0,12.0,26.0,12.0
340,29.0,11.0,11.0,29.0,11.0
341,29.0,11.0,11.0,29.0,11.0
342,29.0,11.0,11.0,29.0,11.0
343,29.0,4.0,4.0,16.0,4.0
344,29.0,4.0,4.0,16.0,4.0
345,29.0,4.0,4.0,16.0,4.0
346,29.0,7.0,7.0,29.0,7.0
347,29.0,7.0,7.0,29.0,7.0
348,29.0,7.0,7.0,29.0,7.0
349,29.0,9.0,9.0,29.0,9.0
350,29.0,9.0,9.0,29.0,9.0
351,29.0,9.0,9.0,29.0,9.0
352,29.0,4.0,4.0,29.0,4.0
353,29.0,4.0,4.0,29.0,4.0
354,29.0,4.0,4.0,29.0,4.0
355,29.0,7.0,7.0,29.0,7.0
356,29.0,7.0,7.0,29.0,7.0
357,29.0,7.0,7.0,29.0,7.0
358,29.0,2.0,2.0,29.0,2.0
359,29.0,2.0,2.0,29.0,2.0
360,29.0,2.0,2.0,29.0,2.0
361,29.0,9.0,9.0,29.0,9.0
362,29.0,9.0,9.0,29.0,9.0
363,29.0,9.0,9.0,29.0,9.0
364,29.0,2.0,2.0,29.0,2.0
365,29.0,2.0,2.0,29.0,2.0
366,29.0,2.0,2.0,29.0,2.0
367,29.0,3.0,3.0,29.0,3.0
368,29.0,3.0,3.0,29.0,3.0
369,29.0,3.0,3.0,29.0,3.0
370,29.0,11.0,11.0,21.0,11.0
371,29.0,11.0,11.0,21.0,11.0
372,29.0,11.0,11.0,21.0,11.0
373,29.0,0.0,0.0,21.0,0.0
374,29.0,7.0,7.0,26.0,7.0
375,29.0,7.0,7.0,26.0,7.0
376,29.0,5.0,5.0,26.0,5.0
377,29.0,5.0,5.0,26.0,5.0
378,29.0,10.0,10.0,26.0,10.0
379,29.0,10.0,10.0,26.0,10.0
380,29.0,10.0,10.0,25.0,10.0
381,29.0,10.0,10.0,25.0,10.0
382,29.0,10.0,10.0,24.0,10.0
383,29.0,10.0,10.0,24.0,10.0
384,29.0,8.0,8.0,25.0,8.0
385,29.0,7.0,7.0,25.0,7.0
386,29.0,7.0,7.0,25.0,7.0
387,29.0,7.0,7.0,25.0,7.0
388,29.0,7.0,7.0,25.0,7.0
389,29.0,3.0,3.0,20.0,3.0
390,29.0,3.0,3.0,20.0,3.0
391,29.0,12.0,12.0,25.0,12.0
392,29.0,12.0,12.0,25.0,12.0
393,29.0,11.0,11.0,24.0,11.0
394,29.0,11.0,11.0,24.0,11.0
395,29.0,12.0,12.0,25.0,12.0
396,29.0,12.0,12.0,25.0,12.0
397,29.0,11.0,11.0,25.0,11.0
398,29.0,11.0,11.0,25.0,11.0
399,29.0,11.0,11.0,25.0,11.0
400,29.0,11.0,11.0,25.0,11.0
401,29.0,6.0,6.0,25.0,6.0
402,29.0,6.0,6.0,25.0,6.0
403,29.0,9.0,9.0,25.0,9.0
404,29.0,9.0,9.0,25.0,9.0
405,29.0,9.0,9.0,25.0,9.0
406,29.0,9.0,9.0,25.0,9.0
407,29.0,7.0,7.0,28.0,7.0
408,29.0,7.0,7.0,28.0,7.0
409,29.0,8.0,8.0,28.0,8.0
410,29.0,8.0,8.0,28.0,8.0
411,29.0,7.0,7.0,27.0,7.0
412,29.0,7.0,7.0,27.0,7.0
413,29.0,11.0,11.0,27.0,11.0
414,29.0,11.0,11.0,27.0,11.0
415,29.0,6.0,6.0,27.0,6.0
416,29.0,6.0,6.0,27.0,6.0
417,29.0,9.0,9.0,25.0,9.0
418,29.0,9.0,9.0,25.0,9.0
419,29.0,9.0,9.0,25.0,9.0
420,29.0,9.0,9.0,25.0,9.0
421,29.0,8.0,8.0,26.0,8.0
422,29.0,8.0,8.0,26.0,8.0
423,29.0,6.0,6.0,23.0,6.0
424,29.0,6.0,6.0,23.0,6.0
425,29.0,11.0,11.0,25.0,11.0
426,29.0,11.0,11.0,25.0,11.0
427,29.0,11.0,11.0,25.0,11.0
428,29.0,11.0,11.0,25.0,11.0
429,29.0,12.0,12.0,25.0,12.0
430,29.0,12.0,12.0,25.0,12.0
431,29.0,12.0,12.0,25.0,12.0
432,29.0,12.0,12.0,25.0,12.0
433,29.0,12.0,12.0,25.0,12.0
434,29.0,12.0,12.0,25.0,12.0
435,29.0,15.0,15.0,25.0,15.0
436,29.0,15.0,15.0,25.0,15.0
437,29.0,14.0,14.0,25.0,14.0
438,29.0,14.0,14.0,25.0,14.0
439,29.0,13.0,13.0,25.0,13.0
440,29.0,13.0,13.0,25.0,13.0
441,29.0,10.0,10.0,25.0,10.0
442,29.0,10.0,10.0,25.0,10.0
443,29.0,15.0,15.0,25.0,15.0
444,29.0,15.0,15.0,25.0,15.0
445,29.0,14.0,14.0,24.0,14.0
446,29.0,14.0,14.0,24.0,14.0
447,29.0,11.0,11.0,24.0,11.0
448,29.0,11.0,11.0,24.0,11.0
449,29.0,9.0,9.0,25.0,9.0
450,29.0,9.0,9.0,25.0,9.0
451,29.0,9.0,9.0,24.0,9.0
452,29.0,9.0,9.0,24.0,9.0
453,29.0,9.0,9.0,25.0,9.0
454,29.0,9.0,9.0,25.0,9.0
455,29.0,7.0,7.0,26.0,7.0
456,29.0,7.0,7.0,26.0,7.0
457,29.0,11.0,11.0,26.0,11.0
458,29.0,11.0,11.0,26.0,11.0
459,29.0,12.0,12.0,26.0,12.0
460,29.0,12.0,12.0,26.0,12.0
461,29.0,12.0,12.0,26.0,12.0
462,29.0,12.0,12.0,26.0,12.0
463,29.0,7.0,7.0,25.0,7.0
464,29.0,7.0,7.0,25.0,7.0
465,29.0,9.0,9.0,25.0,9.0
466,29.0,9.0,9.0,25.0,9.0
467,29.0,9.0,9.0,24.0,9.0
468,29.0,9.0,9.0,24.0,9.0
469,29.0,10.0,10.0,25.0,10.0
470,29.0,10.0,10.0,25.0,10.0
471,29.0,8.0,8.0,23.0,8.0
472,29.0,2.0,2.0,4.0,2.0
473,29.0,3.0,3.0,29.0,3.0
474,29.0,3.0,3.0,29.0,3.0
475,29.0,2.0,2.0,29.0,2.0
476,29.0,2.0,2.0,29.0,2.0
477,29.0,5.0,5.0,29.0,5.0
478,29.0,5.0,5.0,29.0,5.0
479,29.0,7.0,7.0,29.0,7.0
480,29.0,7.0,7.0,29.0,7.0
481,29.0,7.0,7.0,29.0,7.0
482,29.0,7.0,7.0,29.0,7.0
483,29.0,12.0,12.0,28.0,12.0
484,29.0,12.0,12.0,28.0,12.0
485,29.0,15.0,15.0,26.0,15.0
486,29.0,15.0,15.0,26.0,15.0
487,29.0,10.0,10.0,25.0,10.0
488,29.0,10.0,10.0,25.0,10.0
489,29.0,10.0,10.0,24.0,10.0
490,29.0,10.0,10.0,24.0,10.0
491,29.0,7.0,7.0,24.0,7.0
492,29.0,7.0,7.0,24.0,7.0
493,29.0,15.0,15.0,25.0,15.0
494,29.0,15.0,15.0,25.0,15.0
495,29.0,14.0,14.0,24.0,14.0
496,29.0,14.0,14.0,24.0,14.0
497,29.0,15.0,15.0,24.0,15.0
498,29.0,15.0,15.0,24.0,15.0
499,29.0,9.0,9.0,25.0,9.0
500,29.0,8.0,8.0,25.0,8.0
501,29.0,8.0,8.0,25.0,8.0
502,29.0,17.0,17.0,26.0,17.0
503,29.0,17.0,17.0,26.0,17.0
504,29.0,11.0,11.0,26.0,11.0
505,29.0,10.0,10.0,25.0,10.0
506,29.0,11.0,11.0,26.0,11.0
507,0.0,5.0,5.0,24.0,5.0
508,29.0,9.0,9.0,25.0,9.0
509,29.0,16.0,16.0,26.0,16.0
510,29.0,4.0,4.0,28.0,4.0
511,29.0,3.0,3.0,28.0,3.0
512,29.0,3.0,3.0,28.0,3.0
513,29.0,0.0,0.0,28.0,0.0
514,29.0,0.0,0.0,28.0,0.0
515,29.0,2.0,2.0,28.0,2.0
516,29.0,2.0,2.0,28.0,2.0
517,29.0,0.0,0.0,28.0,0.0
518,29.0,0.0,0.0,28.0,0.0
519,29.0,0.0,0.0,25.0,0.0
520,29.0,0.0,0.0,25.0,0.0
521,29.0,7.0,7.0,29.0,7.0
522,29.0,7.0,7.0,29.0,7.0
523,29.0,7.0,7.0,29.0,7.0
524,29.0,7.0,7.0,29.0,7.0
525,29.0,7.0,7.0,29.0,7.0
526,29.0,7.0,7.0,29.0,7.0
527,29.0,7.0,7.0,29.0,7.0
528,29.0,7.0,7.0,29.0,7.0
529,29.0,8.0,8.0,29.0,8.0
530,29.0,8.0,8.0,29.0,8.0
531,29.0,9.0,9.0,29.0,9.0
532,29.0,9.0,9.0,29.0,9.0
533,29.0,9.0,9.0,29.0,9.0
534,29.0,9.0,9.0,29.0,9.0
535,29.0,8.0,8.0,29.0,8.0
536,29.0,8.0,8.0,29.0,8.0
537,29.0,6.0,6.0,29.0,6.0
538,29.0,6.0,6.0,29.0,6.0
539,29.0,9.0,9.0,29.0,9.0
540,29.0,9.0,9.0,29.0,9.0
541,29.0,7.0,7.0,29.0,7.0
542,29.0,7.0,7.0,29.0,7.0
543,29.0,7.0,7.0,29.0,7.0
544,29.0,7.0,7.0,29.0,7.0
545,29.0,12.0,12.0,28.0,12.0
546,29.0,12.0,12.0,28.0,12.0
547,29.0,7.0,7.0,29.0,7.0
548,29.0,7.0,7.0,29.0,7.0
549,29.0,5.0,5.0,29.0,5.0
550,29.0,5.0,5.0,29.0,5.0
551,29.0,7.0,7.0,28.0,7.0
552,29.0,7.0,7.0,28.0,7.0
553,29.0,7.0,7.0,27.0,7.0
554,29.0,7.0,7.0,27.0,7.0
555,29.0,7.0,7.0,27.0,7.0
556,29.0,7.0,7.0,29.0,7.0
557,29.0,7.0,7.0,29.0,7.0
558,29.0,5.0,5.0,29.0,5.0
559,29.0,5.0,5.0,29.0,5.0
560,29.0,4.0,4.0,29.0,4.0
561,29.0,4.0,4.0,29.0,4.0
562,29.0,3.0,3.0,29.0,3.0
563,29.0,3.0,3.0,29.0,3.0
564,29.0,4.0,4.0,29.0,4.0
565,29.0,4.0,4.0,29.0,4.0
566,29.0,8.0,8.0,29.0,8.0
567,29.0,8.0,8.0,29.0,8.0
568,29.0,10.0,10.0,29.0,10.0
569,29.0,10.0,10.0,29.0,10.0
570,29.0,5.0,5.0,29.0,5.0
571,29.0,5.0,5.0,29.0,5.0
572,29.0,5.0,5.0,29.0,5.0
573,29.0,8.0,8.0,29.0,8.0
574,29.0,8.0,8.0,29.0,8.0
575,29.0,8.0,8.0,29.0,8.0
576,29.0,8.0,8.0,29.0,8.0
577,29.0,9.0,9.0,29.0,9.0
578,29.0,9.0,9.0,29.0,9.0
579,29.0,10.0,10.0,29.0,10.0
580,29.0,10.0,10.0,29.0,10.0
581,29.0,9.0,9.0,29.0,9.0
582,29.0,9.0,9.0,29.0,9.0
583,29.0,5.0,5.0,29.0,5.0
584,29.0,6.0,6.0,29.0,6.0
585,29.0,3.0,3.0,29.0,3.0
586,29.0,4.0,4.0,29.0,4.0
587,29.0,4.0,4.0,29.0,4.0
588,29.0,5.0,5.0,29.0,5.0
589,29.0,5.0,5.0,29.0,5.0
590,29.0,3.0,3.0,29.0,3.0
591,29.0,4.0,4.0,29.0,4.0
592,29.0,4.0,4.0,29.0,4.0
593,29.0,3.0,3.0,29.0,3.0
594,29.0,3.0,3.0,29.0,3.0
595,29.0,4.0,4.0,29.0,4.0
596,29.0,4.0,4.0,29.0,4.0
597,29.0,5.0,5.0,29.0,5.0
598,29.0,4.0,4.0,29.0,4.0
599,29.0,3.0,3.0,29.0,3.0
600,29.0,7.0,7.0,29.0,7.0
601,29.0,7.0,7.0,29.0,7.0
602,29.0,5.0,5.0,29.0,5.0
603,29.0,6.0,6.0,29.0,6.0
604,29.0,6.0,6.0,29.0,6.0
605,29.0,6.0,6.0,27.0,6.0
606,29.0,6.0,6.0,27.0,6.0
607,29.0,6.0,6.0,27.0,6.0
608,29.0,6.0,6.0,27.0,6.0
609,29.0,6.0,6.0,27.0,6.0
610,29.0,6.0,6.0,27.0,6.0
611,29.0,6.0,6.0,27.0,6.0
612,29.0,6.0,6.0,27.0,6.0
613,29.0,6.0,6.0,27.0,6.0
614,29.0,6.0,6.0,27.0,6.0
615,29.0,4.0,4.0,27.0,4.0
616,29.0,4.0,4.0,27.0,4.0
617,29.0,4.0,4.0,27.0,4.0
618,29.0,4.0,4.0,27.0,4.0
619,29.0,4.0,4.0,27.0,4.0
620,29.0,6.0,6.0,27.0,6.0
621,29.0,6.0,6.0,27.0,6.0
622,29.0,6.0,6.0,27.0,6.0
623,29.0,6.0,6.0,27.0,6.0
624,29.0,6.0,6.0,27.0,6.0
625,29.0,4.0,4.0,26.0,4.0
626,29.0,4.0,4.0,26.0,4.0
627,29.0,4.0,4.0,26.0,4.0
628,29.0,4.0,4.0,26.0,4.0
629,29.0,4.0,4.0,26.0,4.0
630,29.0,4.0,4.0,26.0,4.0
631,29.0,2.0,2.0,26.0,2.0
632,29.0,2.0,2.0,26.0,2.0
633,29.0,2.0,2.0,26.0,2.0
634,29.0,2.0,2.0,26.0,2.0
635,29.0,2.0,2.0,26.0,2.0
636,29.0,2.0,2.0,26.0,2.0
637,29.0,2.0,2.0,26.0,2.0
638,29.0,2.0,2.0,26.0,2.0
639,29.0,2.0,2.0,26.0,2.0
640,29.0,2.0,2.0,26.0,2.0
641,29.0,2.0,2.0,26.0,2.0
642,29.0,2.0,2.0,26.0,2.0
643,29.0,2.0,2.0,26.0,2.0
644,29.0,2.0,2.0,26.0,2.0
645,29.0,2.0,2.0,26.0,2.0
646,29.0,2.0,2.0,26.0,2.0
647,29.0,2.0,2.0,26.0,2.0
648,29.0,3.0,3.0,29.0,3.0
649,29.0,3.0,3.0,29.0,3.0
650,29.0,3.0,3.0,29.0,3.0
651,29.0,3.0,3.0,29.0,3.0
652,29.0,3.0,3.0,29.0,3.0
653,29.0,3.0,3.0,29.0,3.0
654,29.0,3.0,3.0,29.0,3.0
655,29.0,3.0,3.0,29.0,3.0
656,29.0,3.0,3.0,29.0,3.0
657,29.0,3.0,3.0,29.0,3.0
658,29.0,3.0,3.0,29.0,3.0
659,29.0,3.0,3.0,29.0,3.0
660,29.0,3.0,3.0,29.0,3.0
661,29.0,4.0,4.0,29.0,4.0
662,29.0,4.0,4.0,29.0,4.0
663,29.0,4.0,4.0,29.0,4.0
664,29.0,4.0,4.0,29.0,4.0
665,29.0,4.0,4.0,29.0,4.0
666,29.0,4.0,4.0,29.0,4.0
667,29.0,4.0,4.0,29.0,4.0
668,29.0,4.0,4.0,29.0,4.0
669,29.0,4.0,4.0,29.0,4.0
670,29.0,4.0,4.0,29.0,4.0
671,29.0,4.0,4.0,29.0,4.0
672,29.0,4.0,4.0,29.0,4.0
673,29.0,4.0,4.0,29.0,4.0
674,29.0,4.0,4.0,29.0,4.0
675,29.0,4.0,4.0,29.0,4.0
676,29.0,4.0,4.0,29.0,4.0
677,29.0,4.0,4.0,29.0,4.0
678,29.0,4.0,4.0,29.0,4.0
679,29.0,4.0,4.0,29.0,4.0
680,29.0,6.0,6.0,29.0,6.0
681,29.0,6.0,6.0,29.0,6.0
682,29.0,6.0,6.0,29.0,6.0
683,29.0,6.0,6.0,29.0,6.0
684,29.0,6.0,6.0,29.0,6.0
685,29.0,6.0,6.0,29.0,6.0
686,29.0,6.0,6.0,29.0,6.0
687,29.0,9.0,9.0,29.0,9.0
688,29.0,9.0,9.0,29.0,9.0
689,29.0,9.0,9.0,29.0,9.0
690,29.0,9.0,9.0,29.0,9.0
691,29.0,9.0,9.0,29.0,9.0
692,29.0,9.0,9.0,29.0,9.0
693,29.0,2.0,2.0,29.0,2.0
694,29.0,2.0,2.0,29.0,2.0
695,29.0,2.0,2.0,29.0,2.0
696,29.0,2.0,2.0,29.0,2.0
697,29.0,2.0,2.0,29.0,2.0
698,29.0,2.0,2.0,29.0,2.0
699,29.0,2.0,2.0,29.0,2.0
700,29.0,4.0,4.0,13.0,4.0
701,29.0,5.0,5.0,28.0,5.0
702,29.0,1.0,1.0,9.0,1.0
703,29.0,3.0,3.0,28.0,3.0
704,29.0,6.0,6.0,28.0,6.0
705,29.0,2.0,2.0,28.0,2.0
706,29.0,9.0,9.0,28.0,9.0
707,29.0,7.0,7.0,27.0,7.0
708,29.0,5.0,5.0,27.0,5.0
709,29.0,7.0,7.0,27.0,7.0
710,29.0,6.0,6.0,27.0,6.0
711,29.0,7.0,7.0,27.0,7.0
712,29.0,9.0,9.0,27.0,9.0
713,29.0,5.0,5.0,28.0,5.0
714,29.0,14.0,14.0,28.0,14.0
715,29.0,10.0,10.0,28.0,10.0
716,29.0,0.0,0.0,28.0,0.0
717,29.0,8.0,8.0,28.0,8.0
718,29.0,9.0,9.0,28.0,9.0
719,29.0,8.0,8.0,29.0,8.0
720,29.0,3.0,3.0,29.0,3.0
721,29.0,4.0,4.0,29.0,4.0
722,29.0,7.0,7.0,29.0,7.0
723,29.0,9.0,9.0,29.0,9.0
724,29.0,8.0,8.0,29.0,8.0
725,29.0,9.0,9.0,29.0,9.0
726,29.0,11.0,11.0,29.0,11.0
727,29.0,11.0,11.0,29.0,11.0
728,29.0,8.0,8.0,29.0,8.0
729,29.0,9.0,9.0,29.0,9.0
730,29.0,2.0,2.0,28.0,2.0
731,29.0,5.0,5.0,29.0,5.0
732,29.0,3.0,3.0,29.0,3.0
733,29.0,6.0,6.0,29.0,6.0
734,29.0,4.0,4.0,29.0,4.0
735,29.0,6.0,6.0,29.0,6.0
736,29.0,2.0,2.0,29.0,2.0
737,29.0,3.0,3.0,29.0,3.0
738,29.0,4.0,4.0,29.0,4.0
739,29.0,6.0,6.0,29.0,6.0
740,29.0,2.0,2.0,29.0,2.0
741,29.0,8.0,8.0,29.0,8.0
742,29.0,6.0,6.0,29.0,6.0
743,29.0,5.0,5.0,29.0,5.0
744,29.0,5.0,5.0,29.0,5.0
745,29.0,2.0,2.0,29.0,2.0
746,29.0,7.0,7.0,29.0,7.0
747,29.0,5.0,5.0,29.0,5.0
748,29.0,5.0,5.0,29.0,5.0
749,29.0,7.0,7.0,29.0,7.0
750,29.0,6.0,6.0,29.0,6.0
751,29.0,1.0,1.0,29.0,1.0
752,29.0,3.0,3.0,29.0,3.0
753,29.0,3.0,3.0,29.0,3.0
754,29.0,0.0,0.0,29.0,0.0
755,29.0,0.0,0.0,29.0,0.0
756,29.0,3.0,3.0,29.0,3.0
757,29.0,1.0,1.0,29.0,1.0
758,29.0,3.0,3.0,29.0,3.0
759,29.0,8.0,8.0,26.0,8.0
760,29.0,7.0,7.0,26.0,7.0
761,29.0,9.0,9.0,26.0,9.0
762,29.0,10.0,10.0,26.0,10.0
763,29.0,7.0,7.0,26.0,7.0
764,29.0,10.0,10.0,26.0,10.0
765,29.0,8.0,8.0,27.0,8.0
766,29.0,8.0,8.0,27.0,8.0
767,29.0,8.0,8.0,28.0,8.0
768,29.0,9.0,9.0,28.0,9.0
769,29.0,9.0,9.0,29.0,9.0
770,29.0,10.0,10.0,29.0,10.0
771,29.0,11.0,11.0,29.0,11.0
772,29.0,9.0,9.0,29.0,9.0
773,29.0,9.0,9.0,29.0,9.0
774,29.0,9.0,9.0,29.0,9.0
775,29.0,8.0,8.0,29.0,8.0
776,29.0,11.0,11.0,29.0,11.0
777,29.0,9.0,9.0,29.0,9.0
778,29.0,9.0,9.0,29.0,9.0
779,29.0,5.0,5.0,29.0,5.0
780,29.0,4.0,4.0,29.0,4.0
781,29.0,3.0,3.0,29.0,3.0
782,29.0,6.0,6.0,29.0,6.0
783,29.0,14.0,14.0,29.0,14.0
784,29.0,15.0,15.0,29.0,15.0
785,29.0,10.0,10.0,29.0,10.0
786,29.0,6.0,6.0,29.0,6.0
787,29.0,12.0,12.0,29.0,12.0
788,29.0,7.0,7.0,29.0,7.0
789,29.0,4.0,4.0,29.0,4.0
790,29.0,6.0,6.0,29.0,6.0
791,29.0,7.0,7.0,29.0,7.0
792,29.0,7.0,7.0,29.0,7.0
793,29.0,8.0,8.0,29.0,8.0
794,29.0,9.0,9.0,29.0,9.0
795,29.0,10.0,10.0,29.0,10.0
796,29.0,13.0,13.0,29.0,13.0
797,29.0,5.0,5.0,29.0,5.0
798,29.0,6.0,6.0,29.0,6.0
799,29.0,7.0,7.0,29.0,7.0
800,29.0,2.0,2.0,29.0,2.0
801,29.0,11.0,11.0,29.0,11.0
802,29.0,4.0,4.0,29.0,4.0
803,29.0,6.0,6.0,29.0,6.0
804,29.0,9.0,9.0,29.0,9.0
805,29.0,8.0,8.0,29.0,8.0
806,29.0,1.0,1.0,29.0,1.0
807,29.0,2.0,2.0,29.0,2.0
808,29.0,3.0,3.0,29.0,3.0
809,29.0,3.0,3.0,29.0,3.0
810,29.0,3.0,3.0,29.0,3.0
811,29.0,9.0,9.0,29.0,9.0
812,29.0,7.0,7.0,29.0,7.0
813,29.0,10.0,10.0,29.0,10.0
814,29.0,8.0,8.0,29.0,8.0
815,29.0,9.0,9.0,29.0,9.0
816,29.0,8.0,8.0,29.0,8.0
817,29.0,13.0,13.0,29.0,13.0
818,29.0,7.0,7.0,29.0,7.0
819,29.0,11.0,11.0,0.0,11.0
820,29.0,9.0,9.0,29.0,9.0
821,29.0,6.0,6.0,17.0,6.0
822,29.0,6.0,6.0,29.0,6.0
823,29.0,18.0,18.0,29.0,18.0
824,29.0,9.0,9.0,29.0,9.0
825,29.0,11.0,11.0,29.0,11.0
826,29.0,11.0,11.0,29.0,11.0
827,29.0,16.0,16.0,29.0,16.0
828,29.0,21.0,21.0,29.0,21.0
829,29.0,19.0,19.0,29.0,19.0
830,29.0,19.0,19.0,29.0,19.0
831,29.0,12.0,12.0,29.0,12.0
832,29.0,10.0,10.0,29.0,10.0
833,29.0,11.0,11.0,29.0,11.0
834,29.0,8.0,8.0,11.0,8.0
835,29.0,11.0,11.0,29.0,11.0
836,29.0,6.0,6.0,29.0,6.0
837,29.0,7.0,7.0,16.0,7.0
838,29.0,9.0,9.0,29.0,9.0
839,29.0,10.0,10.0,29.0,10.0
840,29.0,11.0,11.0,29.0,11.0
841,29.0,10.0,10.0,29.0,10.0
842,29.0,8.0,8.0,29.0,8.0
843,29.0,6.0,6.0,29.0,6.0
844,29.0,8.0,8.0,29.0,8.0
845,29.0,12.0,12.0,29.0,12.0
846,29.0,9.0,9.0,29.0,9.0
847,29.0,6.0,6.0,29.0,6.0
848,29.0,10.0,10.0,29.0,10.0
849,29.0,13.0,13.0,29.0,13.0
850,29.0,10.0,10.0,29.0,10.0
851,29.0,7.0,7.0,29.0,7.0
852,29.0,8.0,8.0,29.0,8.0
853,29.0,12.0,12.0,29.0,12.0
854,29.0,7.0,7.0,5.0,7.0
855,29.0,9.0,9.0,29.0,9.0
856,29.0,6.0,6.0,29.0,6.0
857,29.0,5.0,5.0,29.0,5.0
858,29.0,4.0,4.0,29.0,4.0
859,29.0,6.0,6.0,29.0,6.0
860,29.0,7.0,7.0,29.0,7.0
861,29.0,4.0,4.0,29.0,4.0
862,29.0,9.0,9.0,29.0,9.0
863,29.0,10.0,10.0,29.0,10.0
864,29.0,14.0,14.0,29.0,14.0
865,29.0,8.0,8.0,29.0,8.0
866,29.0,3.0,3.0,29.0,3.0
867,29.0,12.0,12.0,29.0,12.0
868,29.0,3.0,3.0,29.0,3.0
869,29.0,4.0,4.0,29.0,4.0
870,29.0,3.0,3.0,29.0,3.0
871,29.0,3.0,3.0,29.0,3.0
872,29.0,5.0,5.0,29.0,5.0
873,29.0,4.0,4.0,29.0,4.0
874,29.0,3.0,3.0,29.0,3.0
875,29.0,6.0,6.0,29.0,6.0
876,29.0,4.0,4.0,29.0,4.0
877,29.0,8.0,8.0,29.0,8.0
878,29.0,9.0,9.0,29.0,9.0
879,29.0,2.0,2.0,29.0,2.0
880,29.0,3.0,3.0,29.0,3.0
881,29.0,3.0,3.0,29.0,3.0
882,29.0,8.0,8.0,12.0,8.0
883,29.0,2.0,2.0,29.0,2.0
884,29.0,4.0,4.0,29.0,4.0
885,29.0,10.0,10.0,29.0,10.0
886,29.0,3.0,3.0,29.0,3.0
887,29.0,2.0,2.0,29.0,2.0
888,29.0,4.0,4.0,18.0,4.0
889,29.0,4.0,4.0,29.0,4.0
890,29.0,6.0,6.0,29.0,6.0
891,29.0,13.0,13.0,29.0,13.0
892,29.0,13.0,13.0,29.0,13.0
893,29.0,11.0,11.0,29.0,11.0
894,29.0,3.0,3.0,29.0,3.0
895,29.0,11.0,11.0,29.0,11.0
896,29.0,12.0,12.0,29.0,12.0
897,29.0,11.0,11.0,29.0,11.0
898,29.0,8.0,8.0,29.0,8.0
899,29.0,14.0,14.0,29.0,14.0
900,29.0,15.0,15.0,29.0,15.0
901,29.0,17.0,17.0,29.0,17.0
902,29.0,2.0,2.0,29.0,2.0
903,29.0,1.0,1.0,29.0,1.0
904,29.0,5.0,5.0,29.0,5.0
905,29.0,5.0,5.0,29.0,5.0
906,29.0,2.0,2.0,29.0,2.0
907,29.0,11.0,11.0,29.0,11.0
908,29.0,1.0,1.0,29.0,1.0
909,29.0,1.0,1.0,29.0,1.0
910,29.0,2.0,2.0,29.0,2.0
911,29.0,0.0,0.0,29.0,0.0
912,29.0,3.0,3.0,29.0,3.0
913,29.0,8.0,8.0,29.0,8.0
914,29.0,6.0,6.0,29.0,6.0
915,29.0,7.0,7.0,29.0,7.0
916,29.0,15.0,15.0,28.0,15.0
917,29.0,15.0,15.0,28.0,15.0
918,29.0,13.0,13.0,29.0,13.0
919,29.0,13.0,13.0,29.0,13.0
920,29.0,13.0,13.0,29.0,13.0
921,29.0,7.0,7.0,29.0,7.0
922,29.0,7.0,7.0,29.0,7.0
923,29.0,7.0,7.0,29.0,7.0
924,29.0,6.0,6.0,29.0,6.0
925,29.0,6.0,6.0,29.0,6.0
926,29.0,6.0,6.0,29.0,6.0
927,29.0,2.0,2.0,29.0,2.0
928,29.0,2.0,2.0,29.0,2.0
929,29.0,2.0,2.0,29.0,2.0
930,29.0,5.0,5.0,29.0,5.0
931,29.0,5.0,5.0,29.0,5.0
932,29.0,5.0,5.0,29.0,5.0
933,29.0,0.0,0.0,0.0,0.0
934,29.0,0.0,0.0,0.0,0.0
935,29.0,0.0,0.0,0.0,0.0
936,29.0,0.0,0.0,0.0,0.0
937,29.0,0.0,0.0,0.0,0.0
938,29.0,0.0,0.0,0.0,0.0
939,29.0,1.0,1.0,0.0,1.0
940,29.0,1.0,1.0,0.0,1.0
941,29.0,1.0,1.0,0.0,1.0
942,29.0,1.0,1.0,0.0,1.0
943,29.0,0.0,0.0,0.0,0.0
944,29.0,0.0,0.0,0.0,0.0
945,29.0,12.0,12.0,8.0,12.0
946,29.0,12.0,12.0,8.0,12.0
947,29.0,12.0,12.0,8.0,12.0
948,29.0,12.0,12.0,8.0,12.0
949,29.0,13.0,13.0,29.0,13.0
950,29.0,13.0,13.0,29.0,13.0
951,29.0,13.0,13.0,29.0,13.0
952,29.0,13.0,13.0,29.0,13.0
953,29.0,7.0,7.0,29.0,7.0
954,29.0,7.0,7.0,29.0,7.0
955,29.0,7.0,7.0,29.0,7.0
956,29.0,0.0,0.0,0.0,0.0
957,29.0,0.0,0.0,0.0,0.0
958,29.0,6.0,6.0,0.0,6.0
959,29.0,6.0,6.0,0.0,6.0
960,29.0,6.0,6.0,0.0,6.0
961,29.0,10.0,10.0,25.0,10.0
962,29.0,10.0,10.0,25.0,10.0
963,29.0,10.0,10.0,25.0,10.0
964,29.0,10.0,10.0,25.0,10.0
965,29.0,10.0,10.0,25.0,10.0
966,29.0,10.0,10.0,25.0,10.0
967,29.0,10.0,10.0,25.0,10.0
968,29.0,10.0,10.0,25.0,10.0
969,29.0,10.0,10.0,25.0,10.0
970,29.0,8.0,8.0,26.0,8.0
971,29.0,8.0,8.0,26.0,8.0
972,29.0,8.0,8.0,26.0,8.0
973,29.0,8.0,8.0,26.0,8.0
974,29.0,8.0,8.0,26.0,8.0
975,29.0,8.0,8.0,26.0,8.0
976,29.0,8.0,8.0,26.0,8.0
977,29.0,8.0,8.0,26.0,8.0
978,29.0,8.0,8.0,26.0,8.0
979,29.0,9.0,9.0,26.0,9.0
980,29.0,9.0,9.0,26.0,9.0
981,29.0,9.0,9.0,26.0,9.0
982,29.0,9.0,9.0,26.0,9.0
983,29.0,9.0,9.0,26.0,9.0
984,29.0,9.0,9.0,26.0,9.0
985,29.0,9.0,9.0,26.0,9.0
986,29.0,9.0,9.0,26.0,9.0
987,29.0,5.0,5.0,25.0,5.0
988,29.0,5.0,5.0,25.0,5.0
989,29.0,5.0,5.0,25.0,5.0
990,29.0,5.0,5.0,25.0,5.0
991,29.0,5.0,5.0,25.0,5.0
992,29.0,5.0,5.0,25.0,5.0
993,29.0,5.0,5.0,25.0,5.0
994,29.0,5.0,5.0,25.0,5.0
995,29.0,5.0,5.0,25.0,5.0
996,29.0,9.0,9.0,28.0,9.0
997,29.0,9.0,9.0,28.0,9.0
998,29.0,9.0,9.0,28.0,9.0
999,29.0,9.0,9.0,28.0,9.0
1000,29.0,9.0,9.0,28.0,9.0
1001,29.0,9.0,9.0,28.0,9.0
1002,29.0,9.0,9.0,28.0,9.0
1003,29.0,9.0,9.0,28.0,9.0
1004,29.0,9.0,9.0,28.0,9.0
1005,29.0,8.0,8.0,28.0,8.0
1006,29.0,8.0,8.0,28.0,8.0
1007,29.0,8.0,8.0,28.0,8.0
1008,29.0,8.0,8.0,28.0,8.0
1009,29.0,8.0,8.0,28.0,8.0
1010,29.0,8.0,8.0,28.0,8.0
1011,29.0,8.0,8.0,28.0,8.0
1012,29.0,8.0,8.0,28.0,8.0
1013,29.0,8.0,8.0,28.0,8.0
1014,29.0,10.0,10.0,29.0,10.0
1015,29.0,10.0,10.0,29.0,10.0
1016,29.0,10.0,10.0,29.0,10.0
1017,29.0,10.0,10.0,29.0,10.0
1018,29.0,10.0,10.0,29.0,10.0
1019,29.0,10.0,10.0,29.0,10.0
1020,29.0,10.0,10.0,29.0,10.0
1021,29.0,10.0,10.0,29.0,10.0
1022,29.0,10.0,10.0,29.0,10.0
1023,29.0,8.0,8.0,28.0,8.0
1024,29.0,8.0,8.0,28.0,8.0
1025,29.0,8.0,8.0,28.0,8.0
1026,29.0,8.0,8.0,28.0,8.0
1027,29.0,8.0,8.0,28.0,8.0
1028,29.0,8.0,8.0,28.0,8.0
1029,29.0,8.0,8.0,28.0,8.0
1030,29.0,8.0,8.0,28.0,8.0
1031,29.0,13.0,13.0,24.0,13.0
1032,29.0,13.0,13.0,24.0,13.0
1033,29.0,13.0,13.0,24.0,13.0
1034,29.0,13.0,13.0,24.0,13.0
1035,29.0,13.0,13.0,24.0,13.0
1036,29.0,13.0,13.0,24.0,13.0
1037,29.0,13.0,13.0,24.0,13.0
1038,29.0,13.0,13.0,24.0,13.0
1039,29.0,13.0,13.0,24.0,13.0
1040,29.0,12.0,12.0,24.0,12.0
1041,29.0,12.0,12.0,24.0,12.0
1042,29.0,12.0,12.0,24.0,12.0
1043,29.0,12.0,12.0,24.0,12.0
1044,29.0,12.0,12.0,24.0,12.0
1045,29.0,12.0,12.0,24.0,12.0
1046,29.0,12.0,12.0,24.0,12.0
1047,29.0,12.0,12.0,24.0,12.0
1048,29.0,12.0,12.0,24.0,12.0
1049,29.0,16.0,16.0,22.0,16.0
1050,29.0,16.0,16.0,22.0,16.0
1051,29.0,16.0,16.0,22.0,16.0
1052,29.0,16.0,16.0,22.0,16.0
1053,29.0,16.0,16.0,22.0,16.0
1054,29.0,16.0,16.0,22.0,16.0
1055,29.0,16.0,16.0,22.0,16.0
1056,29.0,16.0,16.0,22.0,16.0
1057,29.0,16.0,16.0,22.0,16.0
1058,29.0,15.0,15.0,21.0,15.0
1059,29.0,15.0,15.0,21.0,15.0
1060,29.0,15.0,15.0,21.0,15.0
1061,29.0,15.0,15.0,21.0,15.0
1062,29.0,15.0,15.0,21.0,15.0
1063,29.0,15.0,15.0,21.0,15.0
1064,29.0,15.0,15.0,21.0,15.0
1065,29.0,15.0,15.0,21.0,15.0
1066,29.0,15.0,15.0,21.0,15.0
1067,29.0,18.0,18.0,21.0,18.0
1068,29.0,18.0,18.0,21.0,18.0
1069,29.0,18.0,18.0,21.0,18.0
1070,29.0,18.0,18.0,21.0,18.0
1071,29.0,18.0,18.0,21.0,18.0
1072,29.0,18.0,18.0,21.0,18.0
1073,29.0,18.0,18.0,21.0,18.0
1074,29.0,18.0,18.0,21.0,18.0
1075,29.0,18.0,18.0,21.0,18.0
1076,29.0,19.0,19.0,22.0,19.0
1077,29.0,19.0,19.0,22.0,19.0
1078,29.0,19.0,19.0,22.0,19.0
1079,29.0,19.0,19.0,22.0,19.0
1080,29.0,19.0,19.0,22.0,19.0
1081,29.0,19.0,19.0,22.0,19.0
1082,29.0,19.0,19.0,22.0,19.0
1083,29.0,19.0,19.0,22.0,19.0
1084,29.0,19.0,19.0,22.0,19.0
1085,29.0,16.0,16.0,24.0,16.0
1086,29.0,16.0,16.0,24.0,16.0
1087,29.0,16.0,16.0,24.0,16.0
1088,29.0,16.0,16.0,24.0,16.0
1089,29.0,16.0,16.0,24.0,16.0
1090,29.0,16.0,16.0,24.0,16.0
1091,29.0,10.0,10.0,28.0,10.0
1092,29.0,10.0,10.0,28.0,10.0
1093,29.0,10.0,10.0,28.0,10.0
1094,29.0,10.0,10.0,28.0,10.0
1095,29.0,10.0,10.0,28.0,10.0
1096,29.0,10.0,10.0,28.0,10.0
1097,29.0,10.0,10.0,28.0,10.0
1098,29.0,10.0,10.0,28.0,10.0
1099,29.0,5.0,5.0,27.0,5.0
1100,29.0,5.0,5.0,27.0,5.0
1101,29.0,5.0,5.0,27.0,5.0
1102,29.0,5.0,5.0,27.0,5.0
1103,29.0,5.0,5.0,27.0,5.0
1104,29.0,5.0,5.0,27.0,5.0
1105,29.0,5.0,5.0,27.0,5.0
1106,29.0,5.0,5.0,27.0,5.0
1107,29.0,5.0,5.0,27.0,5.0
1108,29.0,8.0,8.0,28.0,8.0
1109,29.0,8.0,8.0,28.0,8.0
1110,29.0,8.0,8.0,28.0,8.0
1111,29.0,8.0,8.0,28.0,8.0
1112,29.0,8.0,8.0,28.0,8.0
1113,29.0,8.0,8.0,28.0,8.0
1114,29.0,8.0,8.0,28.0,8.0
1115,29.0,8.0,8.0,28.0,8.0
1116,29.0,8.0,8.0,28.0,8.0
1117,29.0,7.0,7.0,25.0,7.0
1118,29.0,7.0,7.0,25.0,7.0
1119,29.0,7.0,7.0,25.0,7.0
1120,29.0,7.0,7.0,25.0,7.0
1121,29.0,7.0,7.0,25.0,7.0
1122,29.0,7.0,7.0,25.0,7.0
1123,29.0,7.0,7.0,25.0,7.0
1124,29.0,7.0,7.0,25.0,7.0
1125,29.0,7.0,7.0,25.0,7.0
1126,29.0,10.0,10.0,27.0,10.0
1127,29.0,10.0,10.0,27.0,10.0
1128,29.0,10.0,10.0,27.0,10.0
1129,29.0,10.0,10.0,27.0,10.0
1130,29.0,10.0,10.0,27.0,10.0
1131,29.0,10.0,10.0,27.0,10.0
1132,29.0,10.0,10.0,27.0,10.0
1133,29.0,10.0,10.0,27.0,10.0
1134,29.0,10.0,10.0,27.0,10.0
1135,29.0,13.0,13.0,27.0,13.0
1136,29.0,13.0,13.0,27.0,13.0
1137,29.0,13.0,13.0,27.0,13.0
1138,29.0,13.0,13.0,27.0,13.0
1139,29.0,13.0,13.0,27.0,13.0
1140,29.0,13.0,13.0,27.0,13.0
1141,29.0,13.0,13.0,27.0,13.0
1142,29.0,13.0,13.0,27.0,13.0
1143,29.0,13.0,13.0,27.0,13.0
1144,29.0,12.0,12.0,25.0,12.0
1145,29.0,12.0,12.0,25.0,12.0
1146,29.0,12.0,12.0,25.0,12.0
1147,29.0,12.0,12.0,25.0,12.0
1148,29.0,12.0,12.0,25.0,12.0
1149,29.0,12.0,12.0,25.0,12.0
1150,29.0,12.0,12.0,25.0,12.0
1151,29.0,12.0,12.0,25.0,12.0
1152,29.0,12.0,12.0,25.0,12.0
1153,29.0,13.0,13.0,25.0,13.0
1154,29.0,13.0,13.0,25.0,13.0
1155,29.0,13.0,13.0,25.0,13.0
1156,29.0,13.0,13.0,25.0,13.0
1157,29.0,13.0,13.0,25.0,13.0
1158,29.0,13.0,13.0,25.0,13.0
1159,29.0,13.0,13.0,25.0,13.0
1160,29.0,13.0,13.0,25.0,13.0
1161,29.0,13.0,13.0,25.0,13.0
1162,29.0,13.0,13.0,22.0,13.0
1163,29.0,13.0,13.0,22.0,13.0
1164,29.0,13.0,13.0,22.0,13.0
1165,29.0,13.0,13.0,22.0,13.0
1166,29.0,13.0,13.0,22.0,13.0
1167,29.0,13.0,13.0,22.0,13.0
1168,29.0,13.0,13.0,22.0,13.0
1169,29.0,13.0,13.0,22.0,13.0
1170,29.0,13.0,13.0,22.0,13.0
1171,29.0,9.0,9.0,25.0,9.0
1172,29.0,9.0,9.0,25.0,9.0
1173,29.0,9.0,9.0,25.0,9.0
1174,29.0,9.0,9.0,25.0,9.0
1175,29.0,9.0,9.0,25.0,9.0
1176,29.0,9.0,9.0,25.0,9.0
1177,29.0,9.0,9.0,25.0,9.0
1178,29.0,9.0,9.0,25.0,9.0
1179,29.0,14.0,14.0,28.0,14.0
1180,29.0,14.0,14.0,28.0,14.0
1181,29.0,14.0,14.0,28.0,14.0
1182,29.0,14.0,14.0,28.0,14.0
1183,29.0,14.0,14.0,28.0,14.0
1184,29.0,14.0,14.0,28.0,14.0
1185,29.0,14.0,14.0,28.0,14.0
1186,29.0,14.0,14.0,28.0,14.0
1187,29.0,13.0,13.0,23.0,13.0
1188,29.0,13.0,13.0,23.0,13.0
1189,29.0,13.0,13.0,23.0,13.0
1190,29.0,13.0,13.0,23.0,13.0
1191,29.0,13.0,13.0,23.0,13.0
1192,29.0,13.0,13.0,23.0,13.0
1193,29.0,13.0,13.0,23.0,13.0
1194,29.0,13.0,13.0,23.0,13.0
1195,29.0,13.0,13.0,23.0,13.0
1196,29.0,15.0,15.0,25.0,15.0
1197,29.0,15.0,15.0,25.0,15.0
1198,29.0,15.0,15.0,25.0,15.0
1199,29.0,15.0,15.0,25.0,15.0
1200,29.0,15.0,15.0,25.0,15.0
1201,29.0,15.0,15.0,25.0,15.0
1202,29.0,15.0,15.0,25.0,15.0
1203,29.0,15.0,15.0,25.0,15.0
1204,29.0,15.0,15.0,25.0,15.0
1205,29.0,15.0,15.0,23.0,15.0
1206,29.0,15.0,15.0,23.0,15.0
1207,29.0,15.0,15.0,23.0,15.0
1208,29.0,15.0,15.0,23.0,15.0
1209,29.0,15.0,15.0,23.0,15.0
1210,29.0,15.0,15.0,23.0,15.0
1211,29.0,15.0,15.0,23.0,15.0
1212,29.0,16.0,16.0,25.0,16.0
1213,29.0,17.0,17.0,25.0,17.0
1214,29.0,17.0,17.0,25.0,17.0
1215,29.0,17.0,17.0,25.0,17.0
1216,29.0,17.0,17.0,25.0,17.0
1217,29.0,17.0,17.0,25.0,17.0
1218,29.0,17.0,17.0,25.0,17.0
1219,29.0,17.0,17.0,25.0,17.0
1220,29.0,17.0,17.0,25.0,17.0
1221,29.0,17.0,17.0,25.0,17.0
1222,29.0,17.0,17.0,25.0,17.0
1223,29.0,17.0,17.0,25.0,17.0
1224,29.0,17.0,17.0,25.0,17.0
1225,29.0,17.0,17.0,25.0,17.0
1226,29.0,17.0,17.0,25.0,17.0
1227,29.0,17.0,17.0,25.0,17.0
1228,29.0,17.0,17.0,25.0,17.0
1229,29.0,17.0,17.0,25.0,17.0
1230,29.0,14.0,14.0,22.0,14.0
1231,29.0,14.0,14.0,22.0,14.0
1232,29.0,14.0,14.0,22.0,14.0
1233,29.0,14.0,14.0,22.0,14.0
1234,29.0,14.0,14.0,22.0,14.0
1235,29.0,14.0,14.0,22.0,14.0
1236,29.0,14.0,14.0,22.0,14.0
1237,29.0,14.0,14.0,22.0,14.0
1238,29.0,14.0,14.0,22.0,14.0
1239,29.0,14.0,14.0,25.0,14.0
1240,29.0,14.0,14.0,25.0,14.0
1241,29.0,14.0,14.0,25.0,14.0
1242,29.0,14.0,14.0,25.0,14.0
1243,29.0,14.0,14.0,25.0,14.0
1244,29.0,14.0,14.0,25.0,14.0
1245,29.0,14.0,14.0,25.0,14.0
1246,29.0,14.0,14.0,25.0,14.0
1247,29.0,14.0,14.0,25.0,14.0
1248,29.0,18.0,18.0,25.0,18.0
1249,29.0,18.0,18.0,25.0,18.0
1250,29.0,18.0,18.0,25.0,18.0
1251,29.0,18.0,18.0,25.0,18.0
1252,29.0,18.0,18.0,25.0,18.0
1253,29.0,18.0,18.0,25.0,18.0
1254,29.0,18.0,18.0,25.0,18.0
1255,29.0,18.0,18.0,25.0,18.0
1256,29.0,18.0,18.0,25.0,18.0
1257,29.0,18.0,18.0,25.0,18.0
1258,29.0,18.0,18.0,25.0,18.0
1259,29.0,18.0,18.0,25.0,18.0
1260,29.0,18.0,18.0,25.0,18.0
1261,29.0,18.0,18.0,25.0,18.0
1262,29.0,18.0,18.0,25.0,18.0
1263,29.0,18.0,18.0,25.0,18.0
1264,29.0,18.0,18.0,25.0,18.0
1265,29.0,18.0,18.0,25.0,18.0
1266,29.0,17.0,17.0,25.0,17.0
1267,29.0,17.0,17.0,25.0,17.0
1268,29.0,17.0,17.0,25.0,17.0
1269,29.0,17.0,17.0,25.0,17.0
1270,29.0,17.0,17.0,25.0,17.0
1271,29.0,17.0,17.0,25.0,17.0
1272,29.0,17.0,17.0,25.0,17.0
1273,29.0,17.0,17.0,25.0,17.0
1274,29.0,17.0,17.0,25.0,17.0
1275,29.0,20.0,20.0,25.0,20.0
1276,29.0,20.0,20.0,25.0,20.0
1277,29.0,20.0,20.0,25.0,20.0
1278,29.0,20.0,20.0,25.0,20.0
1279,29.0,20.0,20.0,25.0,20.0
1280,29.0,20.0,20.0,25.0,20.0
1281,29.0,20.0,20.0,25.0,20.0
1282,29.0,20.0,20.0,25.0,20.0
1283,29.0,20.0,20.0,25.0,20.0
1284,29.0,18.0,18.0,26.0,18.0
1285,29.0,18.0,18.0,26.0,18.0
1286,29.0,18.0,18.0,26.0,18.0
1287,29.0,18.0,18.0,26.0,18.0
1288,29.0,18.0,18.0,26.0,18.0
1289,29.0,18.0,18.0,26.0,18.0
1290,29.0,18.0,18.0,26.0,18.0
1291,29.0,18.0,18.0,26.0,18.0
1292,29.0,18.0,18.0,26.0,18.0
1293,29.0,17.0,17.0,21.0,17.0
1294,29.0,17.0,17.0,21.0,17.0
1295,29.0,16.0,16.0,21.0,16.0
1296,29.0,16.0,16.0,21.0,16.0
1297,29.0,17.0,17.0,21.0,17.0
1298,29.0,17.0,17.0,21.0,17.0
1299,29.0,17.0,17.0,21.0,17.0
1300,29.0,17.0,17.0,21.0,17.0
1301,29.0,16.0,16.0,21.0,16.0
1302,29.0,17.0,17.0,22.0,17.0
1303,29.0,18.0,18.0,22.0,18.0
1304,29.0,17.0,17.0,22.0,17.0
1305,29.0,16.0,16.0,22.0,16.0
1306,29.0,16.0,16.0,22.0,16.0
1307,29.0,17.0,17.0,22.0,17.0
1308,29.0,18.0,18.0,22.0,18.0
1309,29.0,18.0,18.0,22.0,18.0
1310,29.0,18.0,18.0,22.0,18.0
1311,29.0,18.0,18.0,22.0,18.0
1312,29.0,17.0,17.0,22.0,17.0
1313,29.0,17.0,17.0,24.0,17.0
1314,29.0,16.0,16.0,24.0,16.0
1315,29.0,15.0,15.0,23.0,15.0
1316,29.0,14.0,14.0,23.0,14.0
1317,29.0,14.0,14.0,23.0,14.0
1318,29.0,14.0,14.0,23.0,14.0
1319,29.0,15.0,15.0,23.0,15.0
1320,29.0,14.0,14.0,23.0,14.0
1321,29.0,13.0,13.0,23.0,13.0
1322,29.0,13.0,13.0,23.0,13.0
1323,29.0,16.0,16.0,23.0,16.0
1324,29.0,15.0,15.0,23.0,15.0
1325,29.0,14.0,14.0,23.0,14.0
1326,29.0,14.0,14.0,23.0,14.0
1327,29.0,15.0,15.0,23.0,15.0
1328,29.0,16.0,16.0,23.0,16.0
1329,29.0,15.0,15.0,23.0,15.0
1330,29.0,15.0,15.0,23.0,15.0
1331,29.0,14.0,14.0,23.0,14.0
1332,29.0,16.0,16.0,22.0,16.0
1333,29.0,16.0,16.0,22.0,16.0
1334,29.0,15.0,15.0,22.0,15.0
1335,29.0,15.0,15.0,22.0,15.0
1336,29.0,14.0,14.0,22.0,14.0
1337,29.0,14.0,14.0,22.0,14.0
1338,29.0,13.0,13.0,22.0,13.0
1339,29.0,12.0,12.0,22.0,12.0
1340,29.0,11.0,11.0,22.0,11.0
1341,29.0,11.0,11.0,22.0,11.0
1342,29.0,11.0,11.0,22.0,11.0
1343,29.0,10.0,10.0,22.0,10.0
1344,29.0,10.0,10.0,22.0,10.0
1345,29.0,10.0,10.0,22.0,10.0
1346,29.0,10.0,10.0,22.0,10.0
1347,29.0,10.0,10.0,22.0,10.0
1348,29.0,9.0,9.0,21.0,9.0
1349,29.0,8.0,8.0,21.0,8.0
1350,29.0,8.0,8.0,21.0,8.0
1351,29.0,9.0,9.0,21.0,9.0
1352,29.0,8.0,8.0,21.0,8.0
1353,29.0,7.0,7.0,21.0,7.0
1354,29.0,6.0,6.0,20.0,6.0
1355,29.0,6.0,6.0,20.0,6.0
1356,29.0,11.0,11.0,20.0,11.0
1357,29.0,11.0,11.0,20.0,11.0
1358,29.0,11.0,11.0,20.0,11.0
1359,29.0,10.0,10.0,20.0,10.0
1360,29.0,9.0,9.0,20.0,9.0
1361,29.0,9.0,9.0,20.0,9.0
1362,29.0,10.0,10.0,20.0,10.0
1363,29.0,10.0,10.0,20.0,10.0
1364,29.0,10.0,10.0,20.0,10.0
1365,29.0,10.0,10.0,20.0,10.0
1366,29.0,9.0,9.0,20.0,9.0
1367,29.0,9.0,9.0,20.0,9.0
1368,29.0,9.0,9.0,20.0,9.0
1369,29.0,8.0,8.0,20.0,8.0
1370,29.0,8.0,8.0,20.0,8.0
1371,29.0,9.0,9.0,20.0,9.0
1372,29.0,10.0,10.0,19.0,10.0
1373,29.0,9.0,9.0,19.0,9.0
1374,29.0,9.0,9.0,19.0,9.0
1375,29.0,10.0,10.0,19.0,10.0
1376,29.0,10.0,10.0,19.0,10.0
1377,29.0,10.0,10.0,19.0,10.0
1378,29.0,7.0,7.0,19.0,7.0
1379,29.0,7.0,7.0,19.0,7.0
1380,29.0,8.0,8.0,19.0,8.0
1381,29.0,9.0,9.0,20.0,9.0
1382,29.0,9.0,9.0,20.0,9.0
1383,29.0,10.0,10.0,21.0,10.0
1384,29.0,10.0,10.0,21.0,10.0
1385,29.0,10.0,10.0,22.0,10.0
1386,29.0,11.0,11.0,22.0,11.0
1387,29.0,5.0,5.0,24.0,5.0
1388,29.0,6.0,6.0,24.0,6.0
1389,29.0,7.0,7.0,24.0,7.0
1390,29.0,7.0,7.0,24.0,7.0
1391,29.0,7.0,7.0,24.0,7.0
1392,29.0,7.0,7.0,24.0,7.0
1393,29.0,12.0,12.0,24.0,12.0
1394,29.0,12.0,12.0,24.0,12.0
1395,29.0,11.0,11.0,24.0,11.0
1396,29.0,11.0,11.0,24.0,11.0
1397,29.0,11.0,11.0,24.0,11.0
1398,29.0,11.0,11.0,24.0,11.0
1399,29.0,11.0,11.0,24.0,11.0
1400,29.0,12.0,12.0,24.0,12.0
1401,29.0,9.0,9.0,24.0,9.0
1402,29.0,10.0,10.0,24.0,10.0
1403,29.0,10.0,10.0,24.0,10.0
1404,29.0,9.0,9.0,24.0,9.0
1405,29.0,10.0,10.0,24.0,10.0
1406,29.0,11.0,11.0,24.0,11.0
1407,29.0,11.0,11.0,24.0,11.0
1408,29.0,11.0,11.0,24.0,11.0
1409,29.0,12.0,12.0,24.0,12.0
1410,29.0,12.0,12.0,24.0,12.0
1411,29.0,13.0,13.0,24.0,13.0
1412,29.0,14.0,14.0,24.0,14.0
1413,29.0,14.0,14.0,24.0,14.0
1414,29.0,14.0,14.0,24.0,14.0
1415,29.0,14.0,14.0,24.0,14.0
1416,29.0,14.0,14.0,25.0,14.0
1417,29.0,13.0,13.0,25.0,13.0
1418,29.0,12.0,12.0,25.0,12.0
1419,29.0,13.0,13.0,25.0,13.0
1420,29.0,15.0,15.0,25.0,15.0
1421,29.0,15.0,15.0,25.0,15.0
1422,29.0,14.0,14.0,25.0,14.0
1423,29.0,14.0,14.0,25.0,14.0
1424,29.0,15.0,15.0,25.0,15.0
1425,29.0,16.0,16.0,26.0,16.0
1426,29.0,5.0,5.0,27.0,5.0
1427,29.0,5.0,5.0,27.0,5.0
1428,29.0,5.0,5.0,27.0,5.0
1429,29.0,5.0,5.0,27.0,5.0
1430,29.0,5.0,5.0,27.0,5.0
1431,29.0,5.0,5.0,27.0,5.0
1432,29.0,5.0,5.0,27.0,5.0
1433,29.0,4.0,4.0,27.0,4.0
1434,29.0,4.0,4.0,27.0,4.0
1435,29.0,4.0,4.0,27.0,4.0
1436,29.0,4.0,4.0,27.0,4.0
1437,29.0,4.0,4.0,27.0,4.0
1438,29.0,4.0,4.0,27.0,4.0
1439,29.0,4.0,4.0,27.0,4.0
1440,29.0,5.0,5.0,27.0,5.0
1441,29.0,5.0,5.0,27.0,5.0
1442,29.0,5.0,5.0,27.0,5.0
1443,29.0,5.0,5.0,27.0,5.0
1444,29.0,5.0,5.0,27.0,5.0
1445,29.0,7.0,7.0,27.0,7.0
1446,29.0,7.0,7.0,27.0,7.0
1447,29.0,7.0,7.0,27.0,7.0
1448,29.0,7.0,7.0,27.0,7.0
1449,29.0,7.0,7.0,27.0,7.0
1450,29.0,7.0,7.0,27.0,7.0
1451,29.0,7.0,7.0,27.0,7.0
1452,29.0,5.0,5.0,26.0,5.0
1453,29.0,5.0,5.0,26.0,5.0
1454,29.0,5.0,5.0,26.0,5.0
1455,29.0,5.0,5.0,26.0,5.0
1456,29.0,4.0,4.0,24.0,4.0
1457,29.0,4.0,4.0,24.0,4.0
1458,29.0,4.0,4.0,24.0,4.0
1459,29.0,4.0,4.0,24.0,4.0
1460,29.0,4.0,4.0,24.0,4.0
1461,29.0,2.0,2.0,24.0,2.0
1462,29.0,2.0,2.0,24.0,2.0
1463,29.0,2.0,2.0,24.0,2.0
1464,29.0,2.0,2.0,24.0,2.0
1465,29.0,2.0,2.0,24.0,2.0
1466,29.0,2.0,2.0,24.0,2.0
1467,29.0,2.0,2.0,24.0,2.0
1468,29.0,2.0,2.0,25.0,2.0
1469,29.0,2.0,2.0,25.0,2.0
1470,29.0,2.0,2.0,25.0,2.0
1471,29.0,2.0,2.0,25.0,2.0
1472,29.0,2.0,2.0,25.0,2.0
1473,29.0,2.0,2.0,25.0,2.0
1474,29.0,2.0,2.0,25.0,2.0
1475,29.0,8.0,8.0,25.0,8.0
1476,29.0,8.0,8.0,25.0,8.0
1477,29.0,8.0,8.0,25.0,8.0
1478,29.0,8.0,8.0,25.0,8.0
1479,29.0,8.0,8.0,25.0,8.0
1480,29.0,8.0,8.0,25.0,8.0
1481,29.0,8.0,8.0,25.0,8.0
1482,29.0,1.0,1.0,24.0,1.0
1483,29.0,1.0,1.0,24.0,1.0
1484,29.0,1.0,1.0,24.0,1.0
1485,29.0,1.0,1.0,24.0,1.0
1486,29.0,1.0,1.0,24.0,1.0
1487,29.0,1.0,1.0,24.0,1.0
1488,29.0,1.0,1.0,24.0,1.0
1489,29.0,3.0,3.0,23.0,3.0
1490,29.0,3.0,3.0,23.0,3.0
1491,29.0,3.0,3.0,23.0,3.0
1492,29.0,3.0,3.0,23.0,3.0
1493,29.0,3.0,3.0,23.0,3.0
1494,29.0,3.0,3.0,23.0,3.0
1495,29.0,3.0,3.0,23.0,3.0
1496,29.0,3.0,3.0,23.0,3.0
1497,29.0,3.0,3.0,23.0,3.0
1498,29.0,3.0,3.0,23.0,3.0
1499,29.0,3.0,3.0,23.0,3.0
1500,29.0,3.0,3.0,23.0,3.0
1501,29.0,3.0,3.0,23.0,3.0
1502,29.0,2.0,2.0,23.0,2.0
1503,29.0,2.0,2.0,23.0,2.0
1504,29.0,2.0,2.0,23.0,2.0
1505,29.0,2.0,2.0,23.0,2.0
1506,29.0,2.0,2.0,23.0,2.0
1507,29.0,2.0,2.0,23.0,2.0
1508,29.0,2.0,2.0,23.0,2.0
1509,29.0,2.0,2.0,22.0,2.0
1510,29.0,2.0,2.0,22.0,2.0
1511,29.0,2.0,2.0,22.0,2.0
1512,29.0,2.0,2.0,22.0,2.0
1513,29.0,2.0,2.0,22.0,2.0
1514,29.0,2.0,2.0,22.0,2.0
1515,29.0,2.0,2.0,22.0,2.0
1516,29.0,17.0,17.0,29.0,17.0
1517,29.0,21.0,21.0,29.0,21.0
1518,29.0,20.0,20.0,29.0,20.0
1519,29.0,21.0,21.0,29.0,21.0
1520,29.0,21.0,21.0,29.0,21.0
1521,29.0,20.0,20.0,29.0,20.0
1522,29.0,19.0,19.0,29.0,19.0
1523,29.0,19.0,19.0,29.0,19.0
1524,29.0,19.0,19.0,29.0,19.0
1525,29.0,12.0,12.0,29.0,12.0
1526,29.0,17.0,17.0,29.0,17.0
1527,29.0,15.0,15.0,29.0,15.0
1528,29.0,15.0,15.0,29.0,15.0
1529,29.0,12.0,12.0,29.0,12.0
1530,29.0,13.0,13.0,29.0,13.0
1531,29.0,13.0,13.0,29.0,13.0
1532,29.0,17.0,17.0,29.0,17.0
1533,29.0,13.0,13.0,29.0,13.0
1534,29.0,11.0,11.0,29.0,11.0
1535,29.0,15.0,15.0,29.0,15.0
1536,29.0,14.0,14.0,29.0,14.0
1537,29.0,21.0,21.0,28.0,21.0
1538,29.0,17.0,17.0,28.0,17.0
1539,29.0,18.0,18.0,28.0,18.0
1540,29.0,17.0,17.0,28.0,17.0
1541,29.0,21.0,21.0,29.0,21.0
1542,29.0,24.0,24.0,29.0,24.0
1543,29.0,25.0,25.0,29.0,25.0
1544,29.0,18.0,18.0,29.0,18.0
1545,29.0,21.0,21.0,29.0,21.0
1546,29.0,15.0,15.0,29.0,15.0
1547,29.0,16.0,16.0,29.0,16.0
1548,29.0,17.0,17.0,29.0,17.0
1549,29.0,21.0,21.0,29.0,21.0
1550,29.0,15.0,15.0,29.0,15.0
1551,29.0,18.0,18.0,29.0,18.0
1552,29.0,16.0,16.0,29.0,16.0
1553,29.0,18.0,18.0,29.0,18.0
1554,29.0,14.0,14.0,29.0,14.0
1555,29.0,20.0,20.0,29.0,20.0
1556,29.0,12.0,12.0,29.0,12.0
1557,29.0,13.0,13.0,29.0,13.0
1558,29.0,18.0,18.0,29.0,18.0
1559,29.0,19.0,19.0,29.0,19.0
1560,29.0,21.0,21.0,29.0,21.0
1561,29.0,25.0,25.0,29.0,25.0
1562,29.0,23.0,23.0,29.0,23.0
1563,29.0,10.0,10.0,29.0,10.0
1564,29.0,21.0,21.0,29.0,21.0
1565,29.0,18.0,18.0,29.0,18.0
1566,29.0,16.0,16.0,29.0,16.0
1567,29.0,14.0,14.0,29.0,14.0
1568,29.0,16.0,16.0,29.0,16.0
1569,29.0,17.0,17.0,29.0,17.0
1570,29.0,20.0,20.0,29.0,20.0
1571,29.0,20.0,20.0,29.0,20.0
1572,29.0,16.0,16.0,29.0,16.0
1573,29.0,9.0,9.0,29.0,9.0
1574,29.0,4.0,4.0,29.0,4.0
1575,29.0,7.0,7.0,29.0,7.0
1576,29.0,12.0,12.0,29.0,12.0
1577,29.0,17.0,17.0,29.0,17.0
1578,29.0,16.0,16.0,29.0,16.0
1579,29.0,15.0,15.0,29.0,15.0
1580,29.0,16.0,16.0,29.0,16.0
1581,29.0,17.0,17.0,29.0,17.0
1582,29.0,15.0,15.0,29.0,15.0
1583,29.0,15.0,15.0,29.0,15.0
1584,29.0,17.0,17.0,29.0,17.0
1585,29.0,16.0,16.0,29.0,16.0
1586,29.0,9.0,9.0,22.0,9.0
1587,29.0,9.0,9.0,22.0,9.0
1588,29.0,8.0,8.0,20.0,8.0
1589,29.0,8.0,8.0,20.0,8.0
1590,29.0,8.0,8.0,20.0,8.0
1591,29.0,12.0,12.0,19.0,12.0
1592,29.0,12.0,12.0,19.0,12.0
1593,29.0,10.0,10.0,19.0,10.0
1594,29.0,13.0,13.0,20.0,13.0
1595,29.0,13.0,13.0,20.0,13.0
1596,29.0,13.0,13.0,20.0,13.0
1597,29.0,13.0,13.0,20.0,13.0
1598,29.0,14.0,14.0,21.0,14.0
1599,29.0,10.0,10.0,21.0,10.0
1600,29.0,10.0,10.0,21.0,10.0
1601,29.0,10.0,10.0,21.0,10.0
1602,29.0,10.0,10.0,21.0,10.0
1603,29.0,15.0,15.0,19.0,15.0
1604,29.0,13.0,13.0,19.0,13.0
1605,29.0,2.0,2.0,17.0,2.0
1606,29.0,7.0,7.0,18.0,7.0
1607,29.0,7.0,7.0,18.0,7.0
1608,29.0,3.0,3.0,19.0,3.0
1609,29.0,3.0,3.0,19.0,3.0
1610,29.0,3.0,3.0,18.0,3.0
1611,29.0,3.0,3.0,18.0,3.0
1612,29.0,5.0,5.0,16.0,5.0
1613,29.0,5.0,5.0,16.0,5.0
1614,29.0,1.0,1.0,17.0,1.0
1615,29.0,1.0,1.0,17.0,1.0
1616,29.0,3.0,3.0,18.0,3.0
1617,29.0,3.0,3.0,18.0,3.0
1618,29.0,3.0,3.0,18.0,3.0
1619,29.0,0.0,0.0,12.0,0.0
1620,29.0,0.0,0.0,12.0,0.0
1621,29.0,0.0,0.0,12.0,0.0
1622,29.0,8.0,8.0,14.0,8.0
1623,29.0,8.0,8.0,14.0,8.0
1624,29.0,8.0,8.0,14.0,8.0
1625,29.0,15.0,15.0,18.0,15.0
1626,29.0,15.0,15.0,18.0,15.0
1627,29.0,14.0,14.0,19.0,14.0
1628,29.0,14.0,14.0,19.0,14.0
1629,29.0,14.0,14.0,19.0,14.0
1630,29.0,7.0,7.0,21.0,7.0
1631,29.0,7.0,7.0,21.0,7.0
1632,29.0,7.0,7.0,21.0,7.0
1633,29.0,8.0,8.0,22.0,8.0
1634,29.0,8.0,8.0,22.0,8.0
1635,29.0,8.0,8.0,22.0,8.0
1636,29.0,9.0,9.0,25.0,9.0
1637,29.0,9.0,9.0,25.0,9.0
1638,29.0,9.0,9.0,25.0,9.0
1639,29.0,11.0,11.0,29.0,11.0
1640,29.0,11.0,11.0,29.0,11.0
1641,29.0,11.0,11.0,29.0,11.0
1642,29.0,11.0,11.0,29.0,11.0
1643,29.0,18.0,18.0,28.0,18.0
1644,29.0,18.0,18.0,28.0,18.0
1645,29.0,20.0,20.0,27.0,20.0
1646,29.0,20.0,20.0,27.0,20.0
1647,29.0,7.0,7.0,24.0,7.0
1648,29.0,7.0,7.0,24.0,7.0
1649,29.0,5.0,5.0,24.0,5.0
1650,29.0,8.0,8.0,24.0,8.0
1651,29.0,8.0,8.0,24.0,8.0
1652,29.0,16.0,16.0,22.0,16.0
1653,29.0,13.0,13.0,21.0,13.0
1654,29.0,15.0,15.0,23.0,15.0
1655,29.0,18.0,18.0,24.0,18.0
1656,29.0,14.0,14.0,26.0,14.0
1657,29.0,14.0,14.0,26.0,14.0
1658,29.0,11.0,11.0,26.0,11.0
1659,29.0,11.0,11.0,26.0,11.0
1660,29.0,12.0,12.0,27.0,12.0
1661,29.0,12.0,12.0,27.0,12.0
1662,29.0,13.0,13.0,26.0,13.0
1663,29.0,13.0,13.0,26.0,13.0
1664,29.0,11.0,11.0,27.0,11.0
1665,29.0,11.0,11.0,27.0,11.0
1666,29.0,8.0,8.0,29.0,8.0
1667,29.0,8.0,8.0,29.0,8.0
1668,29.0,11.0,11.0,29.0,11.0
1669,29.0,11.0,11.0,29.0,11.0
1670,29.0,8.0,8.0,28.0,8.0
1671,29.0,8.0,8.0,28.0,8.0
1672,29.0,6.0,6.0,26.0,6.0
1673,29.0,7.0,7.0,26.0,7.0
1674,29.0,7.0,7.0,27.0,7.0
1675,29.0,7.0,7.0,27.0,7.0
1676,29.0,10.0,10.0,24.0,10.0
1677,29.0,8.0,8.0,24.0,8.0
1678,29.0,10.0,10.0,24.0,10.0
1679,29.0,10.0,10.0,23.0,10.0
1680,29.0,10.0,10.0,23.0,10.0
1681,29.0,10.0,10.0,23.0,10.0
1682,29.0,10.0,10.0,23.0,10.0
1683,29.0,12.0,12.0,24.0,12.0
1684,29.0,12.0,12.0,24.0,12.0
1685,29.0,12.0,12.0,23.0,12.0
1686,29.0,12.0,12.0,23.0,12.0
1687,29.0,11.0,11.0,23.0,11.0
1688,29.0,13.0,13.0,23.0,13.0
1689,29.0,13.0,13.0,23.0,13.0
1690,29.0,12.0,12.0,24.0,12.0
1691,29.0,12.0,12.0,24.0,12.0
1692,29.0,8.0,8.0,28.0,8.0
1693,29.0,8.0,8.0,28.0,8.0
1694,29.0,13.0,13.0,21.0,13.0
1695,29.0,13.0,13.0,21.0,13.0
1696,29.0,13.0,13.0,21.0,13.0
1697,29.0,13.0,13.0,21.0,13.0
1698,29.0,13.0,13.0,21.0,13.0
1699,29.0,12.0,12.0,24.0,12.0
1700,29.0,12.0,12.0,24.0,12.0
1701,29.0,12.0,12.0,24.0,12.0
1702,29.0,12.0,12.0,24.0,12.0
1703,29.0,12.0,12.0,24.0,12.0
1704,29.0,12.0,12.0,24.0,12.0
1705,29.0,12.0,12.0,24.0,12.0
1706,29.0,7.0,7.0,22.0,7.0
1707,29.0,7.0,7.0,22.0,7.0
1708,29.0,7.0,7.0,22.0,7.0
1709,29.0,7.0,7.0,22.0,7.0
1710,29.0,7.0,7.0,22.0,7.0
1711,29.0,7.0,7.0,22.0,7.0
1712,29.0,7.0,7.0,22.0,7.0
1713,29.0,7.0,7.0,22.0,7.0
1714,29.0,7.0,7.0,22.0,7.0
1715,29.0,7.0,7.0,22.0,7.0
1716,29.0,7.0,7.0,22.0,7.0
1717,29.0,7.0,7.0,22.0,7.0
1718,29.0,7.0,7.0,23.0,7.0
1719,29.0,7.0,7.0,23.0,7.0
1720,29.0,7.0,7.0,23.0,7.0
1721,29.0,7.0,7.0,23.0,7.0
1722,29.0,7.0,7.0,23.0,7.0
1723,29.0,7.0,7.0,23.0,7.0
1724,29.0,7.0,7.0,23.0,7.0
1725,29.0,8.0,8.0,23.0,8.0
1726,29.0,8.0,8.0,23.0,8.0
1727,29.0,8.0,8.0,23.0,8.0
1728,29.0,8.0,8.0,23.0,8.0
1729,29.0,8.0,8.0,23.0,8.0
1730,29.0,8.0,8.0,23.0,8.0
1731,29.0,8.0,8.0,23.0,8.0
1732,29.0,17.0,17.0,27.0,17.0
1733,29.0,17.0,17.0,27.0,17.0
1734,29.0,17.0,17.0,27.0,17.0
1735,29.0,17.0,17.0,27.0,17.0
1736,29.0,17.0,17.0,27.0,17.0
1737,29.0,17.0,17.0,27.0,17.0
1738,29.0,17.0,17.0,27.0,17.0
1739,29.0,13.0,13.0,27.0,13.0
1740,29.0,13.0,13.0,27.0,13.0
1741,29.0,13.0,13.0,27.0,13.0
1742,29.0,13.0,13.0,27.0,13.0
1743,29.0,13.0,13.0,27.0,13.0
1744,29.0,13.0,13.0,27.0,13.0
1745,29.0,13.0,13.0,27.0,13.0
1746,29.0,19.0,19.0,26.0,19.0
1747,29.0,19.0,19.0,26.0,19.0
1748,29.0,19.0,19.0,26.0,19.0
1749,29.0,19.0,19.0,26.0,19.0
1750,29.0,19.0,19.0,26.0,19.0
1751,29.0,19.0,19.0,26.0,19.0
1752,29.0,19.0,19.0,26.0,19.0
1753,29.0,8.0,8.0,26.0,8.0
1754,29.0,8.0,8.0,26.0,8.0
1755,29.0,8.0,8.0,26.0,8.0
1756,29.0,8.0,8.0,26.0,8.0
1757,29.0,8.0,8.0,26.0,8.0
1758,29.0,8.0,8.0,26.0,8.0
1759,29.0,8.0,8.0,26.0,8.0
1760,29.0,12.0,12.0,26.0,12.0
1761,29.0,12.0,12.0,26.0,12.0
1762,29.0,12.0,12.0,26.0,12.0
1763,29.0,12.0,12.0,26.0,12.0
1764,29.0,12.0,12.0,26.0,12.0
1765,29.0,12.0,12.0,26.0,12.0
1766,29.0,7.0,7.0,28.0,7.0
1767,29.0,7.0,7.0,28.0,7.0
1768,29.0,7.0,7.0,28.0,7.0
1769,29.0,7.0,7.0,28.0,7.0
1770,29.0,7.0,7.0,28.0,7.0
1771,29.0,7.0,7.0,28.0,7.0
1772,29.0,8.0,8.0,26.0,8.0
1773,29.0,8.0,8.0,26.0,8.0
1774,29.0,8.0,8.0,26.0,8.0
1775,29.0,8.0,8.0,26.0,8.0
1776,29.0,8.0,8.0,26.0,8.0
1777,29.0,8.0,8.0,26.0,8.0
1778,29.0,10.0,10.0,27.0,10.0
1779,29.0,10.0,10.0,27.0,10.0
1780,29.0,10.0,10.0,27.0,10.0
1781,29.0,10.0,10.0,27.0,10.0
1782,29.0,10.0,10.0,27.0,10.0
1783,29.0,10.0,10.0,27.0,10.0
1784,29.0,9.0,9.0,25.0,9.0
1785,29.0,9.0,9.0,25.0,9.0
1786,29.0,9.0,9.0,25.0,9.0
1787,29.0,9.0,9.0,25.0,9.0
1788,29.0,10.0,10.0,25.0,10.0
1789,29.0,10.0,10.0,25.0,10.0
1790,29.0,10.0,10.0,25.0,10.0
1791,29.0,10.0,10.0,25.0,10.0
1792,29.0,10.0,10.0,25.0,10.0
1793,29.0,10.0,10.0,25.0,10.0
1794,29.0,8.0,8.0,25.0,8.0
1795,29.0,8.0,8.0,25.0,8.0
1796,29.0,8.0,8.0,25.0,8.0
1797,29.0,8.0,8.0,25.0,8.0
1798,29.0,8.0,8.0,25.0,8.0
1799,29.0,8.0,8.0,25.0,8.0
1800,29.0,8.0,8.0,25.0,8.0
1801,29.0,8.0,8.0,25.0,8.0
1802,29.0,8.0,8.0,25.0,8.0
1803,29.0,8.0,8.0,25.0,8.0
1804,29.0,8.0,8.0,25.0,8.0
1805,29.0,8.0,8.0,25.0,8.0
1806,29.0,8.0,8.0,25.0,8.0
1807,29.0,8.0,8.0,25.0,8.0
1808,29.0,9.0,9.0,25.0,9.0
1809,29.0,9.0,9.0,25.0,9.0
1810,29.0,9.0,9.0,25.0,9.0
1811,29.0,9.0,9.0,25.0,9.0
1812,29.0,9.0,9.0,25.0,9.0
1813,29.0,9.0,9.0,25.0,9.0
1814,29.0,7.0,7.0,25.0,7.0
1815,29.0,7.0,7.0,25.0,7.0
1816,29.0,7.0,7.0,25.0,7.0
1817,29.0,7.0,7.0,25.0,7.0
1818,29.0,7.0,7.0,25.0,7.0
1819,29.0,7.0,7.0,25.0,7.0
1820,29.0,7.0,7.0,25.0,7.0
1821,29.0,7.0,7.0,25.0,7.0
1822,29.0,7.0,7.0,25.0,7.0
1823,29.0,7.0,7.0,25.0,7.0
1824,29.0,7.0,7.0,25.0,7.0
1825,29.0,7.0,7.0,25.0,7.0
1826,29.0,7.0,7.0,25.0,7.0
1827,29.0,7.0,7.0,25.0,7.0
1828,29.0,8.0,8.0,25.0,8.0
1829,29.0,8.0,8.0,25.0,8.0
1830,29.0,8.0,8.0,25.0,8.0
1831,29.0,8.0,8.0,25.0,8.0
1832,29.0,8.0,8.0,25.0,8.0
1833,29.0,8.0,8.0,25.0,8.0
1834,29.0,8.0,8.0,25.0,8.0
1835,29.0,9.0,9.0,26.0,9.0
1836,29.0,9.0,9.0,26.0,9.0
1837,29.0,9.0,9.0,26.0,9.0
1838,29.0,9.0,9.0,26.0,9.0
1839,29.0,9.0,9.0,26.0,9.0
1840,29.0,9.0,9.0,26.0,9.0
1841,29.0,9.0,9.0,26.0,9.0
1842,29.0,11.0,11.0,27.0,11.0
1843,29.0,11.0,11.0,27.0,11.0
1844,29.0,11.0,11.0,27.0,11.0
1845,29.0,11.0,11.0,27.0,11.0
1846,29.0,11.0,11.0,27.0,11.0
1847,29.0,11.0,11.0,27.0,11.0
1848,29.0,11.0,11.0,27.0,11.0
1849,29.0,18.0,18.0,24.0,18.0
1850,29.0,18.0,18.0,24.0,18.0
1851,29.0,18.0,18.0,24.0,18.0
1852,29.0,18.0,18.0,24.0,18.0
1853,29.0,18.0,18.0,24.0,18.0
1854,29.0,19.0,19.0,23.0,19.0
1855,29.0,19.0,19.0,23.0,19.0
1856,29.0,19.0,19.0,23.0,19.0
1857,29.0,19.0,19.0,23.0,19.0
1858,29.0,22.0,22.0,27.0,22.0
1859,29.0,22.0,22.0,27.0,22.0
1860,29.0,23.0,23.0,27.0,23.0
1861,29.0,23.0,23.0,27.0,23.0
1862,29.0,23.0,23.0,27.0,23.0
1863,29.0,21.0,21.0,26.0,21.0
1864,29.0,21.0,21.0,26.0,21.0
1865,29.0,21.0,21.0,26.0,21.0
1866,29.0,21.0,21.0,26.0,21.0
1867,29.0,14.0,14.0,24.0,14.0
1868,29.0,14.0,14.0,24.0,14.0
1869,29.0,14.0,14.0,24.0,14.0
1870,29.0,11.0,11.0,22.0,11.0
1871,29.0,11.0,11.0,22.0,11.0
1872,29.0,17.0,17.0,27.0,17.0
1873,29.0,17.0,17.0,27.0,17.0
1874,29.0,16.0,16.0,27.0,16.0
1875,29.0,16.0,16.0,27.0,16.0
1876,29.0,16.0,16.0,27.0,16.0
1877,29.0,16.0,16.0,27.0,16.0
1878,29.0,16.0,16.0,27.0,16.0
1879,29.0,16.0,16.0,27.0,16.0
1880,29.0,16.0,16.0,27.0,16.0
1881,29.0,16.0,16.0,27.0,16.0
1882,29.0,16.0,16.0,27.0,16.0
1883,29.0,16.0,16.0,27.0,16.0
1884,29.0,16.0,16.0,27.0,16.0
1885,29.0,16.0,16.0,27.0,16.0
1886,29.0,20.0,20.0,27.0,20.0
1887,29.0,20.0,20.0,27.0,20.0
1888,29.0,20.0,20.0,27.0,20.0
1889,29.0,21.0,21.0,27.0,21.0
1890,29.0,21.0,21.0,27.0,21.0
1891,29.0,21.0,21.0,27.0,21.0
1892,29.0,22.0,22.0,27.0,22.0
1893,29.0,22.0,22.0,27.0,22.0
1894,29.0,22.0,22.0,27.0,22.0
1895,29.0,17.0,17.0,24.0,17.0
1896,29.0,17.0,17.0,24.0,17.0
1897,29.0,17.0,17.0,24.0,17.0
1898,29.0,17.0,17.0,24.0,17.0
1899,29.0,13.0,13.0,27.0,13.0
1900,29.0,13.0,13.0,27.0,13.0
1901,29.0,17.0,17.0,25.0,17.0
1902,29.0,17.0,17.0,25.0,17.0
1903,29.0,17.0,17.0,25.0,17.0
1904,29.0,17.0,17.0,27.0,17.0
1905,29.0,17.0,17.0,27.0,17.0
1906,29.0,17.0,17.0,27.0,17.0
1907,29.0,17.0,17.0,27.0,17.0
1908,29.0,13.0,13.0,23.0,13.0
1909,29.0,13.0,13.0,23.0,13.0
1910,29.0,14.0,14.0,24.0,14.0
1911,29.0,14.0,14.0,24.0,14.0
1912,29.0,14.0,14.0,24.0,14.0
1913,29.0,14.0,14.0,24.0,14.0
1914,29.0,16.0,16.0,24.0,16.0
1915,29.0,16.0,16.0,24.0,16.0
1916,29.0,16.0,16.0,24.0,16.0
1917,29.0,16.0,16.0,24.0,16.0
1918,29.0,16.0,16.0,24.0,16.0
1919,29.0,16.0,16.0,24.0,16.0
1920,29.0,17.0,17.0,24.0,17.0
1921,29.0,17.0,17.0,24.0,17.0
1922,29.0,17.0,17.0,24.0,17.0
1923,29.0,9.0,9.0,22.0,9.0
1924,29.0,9.0,9.0,22.0,9.0
1925,29.0,9.0,9.0,22.0,9.0
1926,29.0,9.0,9.0,22.0,9.0
1927,29.0,8.0,8.0,22.0,8.0
1928,29.0,8.0,8.0,22.0,8.0
1929,29.0,8.0,8.0,22.0,8.0
1930,29.0,7.0,7.0,22.0,7.0
1931,29.0,7.0,7.0,22.0,7.0
1932,29.0,7.0,7.0,22.0,7.0
1933,29.0,5.0,5.0,22.0,5.0
1934,29.0,5.0,5.0,22.0,5.0
1935,29.0,5.0,5.0,22.0,5.0
1936,29.0,5.0,5.0,22.0,5.0
1937,29.0,5.0,5.0,22.0,5.0
1938,29.0,5.0,5.0,22.0,5.0
1939,29.0,14.0,14.0,16.0,14.0
1940,29.0,10.0,10.0,14.0,10.0
1941,29.0,10.0,10.0,14.0,10.0
1942,29.0,10.0,10.0,14.0,10.0
1943,29.0,10.0,10.0,14.0,10.0
1944,29.0,11.0,11.0,14.0,11.0
1945,29.0,11.0,11.0,14.0,11.0
1946,29.0,11.0,11.0,14.0,11.0
1947,29.0,11.0,11.0,14.0,11.0
1948,29.0,13.0,13.0,15.0,13.0
1949,29.0,4.0,4.0,13.0,4.0
1950,29.0,4.0,4.0,13.0,4.0
1951,29.0,4.0,4.0,13.0,4.0
1952,29.0,4.0,4.0,13.0,4.0
1953,29.0,4.0,4.0,13.0,4.0
1954,29.0,10.0,10.0,15.0,10.0
1955,29.0,10.0,10.0,15.0,10.0
1956,29.0,10.0,10.0,15.0,10.0
1957,29.0,16.0,16.0,16.0,16.0
1958,29.0,7.0,7.0,15.0,7.0
1959,29.0,7.0,7.0,15.0,7.0
1960,29.0,16.0,16.0,15.0,16.0
1961,29.0,16.0,16.0,15.0,16.0
1962,29.0,15.0,15.0,17.0,15.0
1963,29.0,15.0,15.0,17.0,15.0
1964,29.0,12.0,12.0,19.0,12.0
1965,29.0,12.0,12.0,19.0,12.0
1966,29.0,12.0,12.0,19.0,12.0
1967,29.0,7.0,7.0,17.0,7.0
1968,29.0,7.0,7.0,17.0,7.0
1969,29.0,14.0,14.0,18.0,14.0
1970,29.0,14.0,14.0,18.0,14.0
1971,29.0,18.0,18.0,20.0,18.0
1972,29.0,18.0,18.0,20.0,18.0
1973,29.0,18.0,18.0,20.0,18.0
1974,29.0,10.0,10.0,18.0,10.0
1975,29.0,10.0,10.0,18.0,10.0
1976,29.0,10.0,10.0,18.0,10.0
1977,29.0,10.0,10.0,19.0,10.0
1978,29.0,10.0,10.0,19.0,10.0
1979,29.0,10.0,10.0,19.0,10.0
1980,29.0,11.0,11.0,19.0,11.0
1981,29.0,11.0,11.0,19.0,11.0
1982,29.0,11.0,11.0,19.0,11.0
1983,29.0,28.0,28.0,26.0,28.0
1984,29.0,28.0,28.0,26.0,28.0
1985,29.0,28.0,28.0,26.0,28.0
1986,29.0,23.0,23.0,28.0,23.0
1987,29.0,15.0,15.0,23.0,15.0
1988,29.0,15.0,15.0,23.0,15.0
1989,29.0,15.0,15.0,23.0,15.0
1990,29.0,15.0,15.0,23.0,15.0
1991,29.0,7.0,7.0,25.0,7.0
1992,29.0,7.0,7.0,25.0,7.0
1993,29.0,10.0,10.0,24.0,10.0
1994,29.0,10.0,10.0,24.0,10.0
1995,29.0,10.0,10.0,24.0,10.0
1996,29.0,10.0,10.0,24.0,10.0
1997,29.0,8.0,8.0,25.0,8.0
1998,29.0,8.0,8.0,25.0,8.0
1999,29.0,8.0,8.0,25.0,8.0
2000,29.0,8.0,8.0,25.0,8.0
2001,29.0,8.0,8.0,25.0,8.0
2002,29.0,18.0,18.0,27.0,18.0
2003,29.0,18.0,18.0,27.0,18.0
2004,29.0,18.0,18.0,27.0,18.0
2005,29.0,18.0,18.0,27.0,18.0
2006,29.0,18.0,18.0,27.0,18.0
2007,29.0,18.0,18.0,27.0,18.0
2008,29.0,10.0,10.0,26.0,10.0
2009,29.0,10.0,10.0,26.0,10.0
2010,29.0,11.0,11.0,27.0,11.0
2011,29.0,11.0,11.0,27.0,11.0
2012,29.0,11.0,11.0,27.0,11.0
2013,29.0,11.0,11.0,27.0,11.0
2014,29.0,12.0,12.0,27.0,12.0
2015,29.0,12.0,12.0,27.0,12.0
2016,29.0,12.0,12.0,27.0,12.0
2017,29.0,12.0,12.0,27.0,12.0
2018,29.0,12.0,12.0,27.0,12.0
2019,29.0,12.0,12.0,27.0,12.0
2020,29.0,7.0,7.0,28.0,7.0
2021,29.0,6.0,6.0,29.0,6.0
2022,29.0,6.0,6.0,29.0,6.0
2023,29.0,6.0,6.0,29.0,6.0
2024,29.0,6.0,6.0,29.0,6.0
2025,29.0,6.0,6.0,29.0,6.0
2026,29.0,5.0,5.0,29.0,5.0
2027,29.0,5.0,5.0,29.0,5.0
2028,29.0,5.0,5.0,29.0,5.0
2029,29.0,6.0,6.0,29.0,6.0
2030,29.0,6.0,6.0,29.0,6.0
2031,29.0,6.0,6.0,29.0,6.0
2032,29.0,7.0,7.0,29.0,7.0
2033,29.0,7.0,7.0,29.0,7.0
2034,29.0,7.0,7.0,29.0,7.0
2035,29.0,7.0,7.0,29.0,7.0
2036,29.0,7.0,7.0,29.0,7.0
2037,29.0,7.0,7.0,29.0,7.0
2038,29.0,7.0,7.0,29.0,7.0
2039,29.0,7.0,7.0,29.0,7.0
2040,29.0,7.0,7.0,29.0,7.0
2041,29.0,7.0,7.0,29.0,7.0
2042,29.0,7.0,7.0,29.0,7.0
2043,29.0,5.0,5.0,29.0,5.0
2044,29.0,5.0,5.0,29.0,5.0
2045,29.0,5.0,5.0,29.0,5.0
2046,29.0,5.0,5.0,29.0,5.0
2047,29.0,5.0,5.0,29.0,5.0
2048,29.0,5.0,5.0,29.0,5.0
2049,29.0,5.0,5.0,29.0,5.0
2050,29.0,4.0,4.0,29.0,4.0
2051,29.0,4.0,4.0,29.0,4.0
2052,29.0,4.0,4.0,29.0,4.0
2053,29.0,10.0,10.0,29.0,10.0
2054,29.0,10.0,10.0,29.0,10.0
2055,29.0,10.0,10.0,29.0,10.0
2056,29.0,10.0,10.0,29.0,10.0
2057,29.0,10.0,10.0,29.0,10.0
2058,29.0,10.0,10.0,29.0,10.0
2059,29.0,9.0,9.0,29.0,9.0
2060,29.0,9.0,9.0,29.0,9.0
2061,29.0,9.0,9.0,29.0,9.0
2062,29.0,9.0,9.0,29.0,9.0
2063,29.0,4.0,4.0,29.0,4.0
2064,29.0,4.0,4.0,29.0,4.0
2065,29.0,4.0,4.0,29.0,4.0
2066,29.0,4.0,4.0,29.0,4.0
2067,29.0,4.0,4.0,29.0,4.0
2068,29.0,2.0,2.0,27.0,2.0
2069,29.0,2.0,2.0,27.0,2.0
2070,29.0,2.0,2.0,27.0,2.0
2071,29.0,2.0,2.0,27.0,2.0
2072,29.0,3.0,3.0,27.0,3.0
2073,29.0,3.0,3.0,27.0,3.0
2074,29.0,3.0,3.0,27.0,3.0
2075,29.0,3.0,3.0,27.0,3.0
2076,29.0,3.0,3.0,27.0,3.0
2077,29.0,3.0,3.0,27.0,3.0
2078,29.0,3.0,3.0,27.0,3.0
2079,29.0,3.0,3.0,27.0,3.0
2080,29.0,3.0,3.0,27.0,3.0
2081,29.0,0.0,0.0,0.0,0.0
2082,29.0,0.0,0.0,0.0,0.0
2083,29.0,0.0,0.0,0.0,0.0
2084,29.0,0.0,0.0,0.0,0.0
2085,29.0,0.0,0.0,0.0,0.0
2086,29.0,0.0,0.0,0.0,0.0
2087,29.0,0.0,0.0,0.0,0.0
2088,29.0,0.0,0.0,0.0,0.0
2089,29.0,0.0,0.0,0.0,0.0
2090,29.0,0.0,0.0,0.0,0.0
2091,29.0,0.0,0.0,0.0,0.0
2092,29.0,0.0,0.0,0.0,0.0
2093,29.0,0.0,0.0,0.0,0.0
2094,29.0,0.0,0.0,0.0,0.0
2095,29.0,0.0,0.0,0.0,0.0
2096,29.0,0.0,0.0,0.0,0.0
2097,29.0,0.0,0.0,0.0,0.0
2098,29.0,0.0,0.0,0.0,0.0
2099,29.0,4.0,4.0,7.0,4.0
2100,29.0,4.0,4.0,7.0,4.0
2101,29.0,4.0,4.0,7.0,4.0
2102,29.0,4.0,4.0,10.0,4.0
2103,29.0,4.0,4.0,10.0,4.0
2104,29.0,4.0,4.0,10.0,4.0
2105,29.0,4.0,4.0,10.0,4.0
2106,29.0,4.0,4.0,10.0,4.0
2107,29.0,0.0,0.0,0.0,0.0
2108,29.0,0.0,0.0,0.0,0.0
2109,29.0,0.0,0.0,0.0,0.0
2110,29.0,0.0,0.0,0.0,0.0
2111,29.0,0.0,0.0,0.0,0.0
2112,29.0,3.0,3.0,26.0,3.0
2113,29.0,3.0,3.0,26.0,3.0
2114,29.0,3.0,3.0,26.0,3.0
2115,29.0,3.0,3.0,26.0,3.0
2116,29.0,3.0,3.0,26.0,3.0
2117,29.0,2.0,2.0,26.0,2.0
2118,29.0,2.0,2.0,26.0,2.0
2119,29.0,2.0,2.0,26.0,2.0
2120,29.0,2.0,2.0,26.0,2.0
2121,29.0,2.0,2.0,26.0,2.0
2122,29.0,6.0,6.0,27.0,6.0
2123,29.0,6.0,6.0,27.0,6.0
2124,29.0,6.0,6.0,27.0,6.0
2125,29.0,6.0,6.0,27.0,6.0
2126,29.0,6.0,6.0,27.0,6.0
2127,29.0,6.0,6.0,27.0,6.0
2128,29.0,6.0,6.0,27.0,6.0
2129,29.0,6.0,6.0,27.0,6.0
2130,29.0,6.0,6.0,27.0,6.0
2131,29.0,6.0,6.0,27.0,6.0
2132,29.0,4.0,4.0,27.0,4.0
2133,29.0,4.0,4.0,27.0,4.0
2134,29.0,4.0,4.0,27.0,4.0
2135,29.0,4.0,4.0,27.0,4.0
2136,29.0,4.0,4.0,27.0,4.0
2137,29.0,6.0,6.0,27.0,6.0
2138,29.0,6.0,6.0,27.0,6.0
2139,29.0,6.0,6.0,27.0,6.0
2140,29.0,6.0,6.0,27.0,6.0
2141,29.0,6.0,6.0,27.0,6.0
2142,29.0,4.0,4.0,26.0,4.0
2143,29.0,4.0,4.0,26.0,4.0
2144,29.0,4.0,4.0,26.0,4.0
2145,29.0,4.0,4.0,26.0,4.0
2146,29.0,4.0,4.0,26.0,4.0
2147,29.0,4.0,4.0,26.0,4.0
2148,29.0,2.0,2.0,26.0,2.0
2149,29.0,2.0,2.0,26.0,2.0
2150,29.0,2.0,2.0,26.0,2.0
2151,29.0,2.0,2.0,26.0,2.0
2152,29.0,2.0,2.0,26.0,2.0
2153,29.0,2.0,2.0,26.0,2.0
2154,29.0,2.0,2.0,26.0,2.0
2155,29.0,2.0,2.0,26.0,2.0
2156,29.0,2.0,2.0,26.0,2.0
2157,29.0,2.0,2.0,26.0,2.0
2158,29.0,2.0,2.0,26.0,2.0
2159,29.0,2.0,2.0,26.0,2.0
2160,29.0,2.0,2.0,26.0,2.0
2161,29.0,2.0,2.0,26.0,2.0
2162,29.0,2.0,2.0,26.0,2.0
2163,29.0,2.0,2.0,26.0,2.0
2164,29.0,2.0,2.0,26.0,2.0
2165,29.0,3.0,3.0,29.0,3.0
2166,29.0,3.0,3.0,29.0,3.0
2167,29.0,3.0,3.0,29.0,3.0
2168,29.0,3.0,3.0,29.0,3.0
2169,29.0,3.0,3.0,29.0,3.0
2170,29.0,3.0,3.0,29.0,3.0
2171,29.0,3.0,3.0,29.0,3.0
2172,29.0,3.0,3.0,29.0,3.0
2173,29.0,3.0,3.0,29.0,3.0
2174,29.0,3.0,3.0,29.0,3.0
2175,29.0,3.0,3.0,29.0,3.0
2176,29.0,3.0,3.0,29.0,3.0
2177,29.0,3.0,3.0,29.0,3.0
2178,29.0,4.0,4.0,29.0,4.0
2179,29.0,4.0,4.0,29.0,4.0
2180,29.0,4.0,4.0,29.0,4.0
2181,29.0,4.0,4.0,29.0,4.0
2182,29.0,4.0,4.0,29.0,4.0
2183,29.0,4.0,4.0,29.0,4.0
2184,29.0,4.0,4.0,29.0,4.0
2185,29.0,4.0,4.0,29.0,4.0
2186,29.0,4.0,4.0,29.0,4.0
2187,29.0,4.0,4.0,29.0,4.0
2188,29.0,4.0,4.0,29.0,4.0
2189,29.0,4.0,4.0,29.0,4.0
2190,29.0,4.0,4.0,29.0,4.0
2191,29.0,4.0,4.0,29.0,4.0
2192,29.0,4.0,4.0,29.0,4.0
2193,29.0,4.0,4.0,29.0,4.0
2194,29.0,4.0,4.0,29.0,4.0
2195,29.0,4.0,4.0,29.0,4.0
2196,29.0,4.0,4.0,29.0,4.0
2197,29.0,6.0,6.0,29.0,6.0
2198,29.0,6.0,6.0,29.0,6.0
2199,29.0,6.0,6.0,29.0,6.0
2200,29.0,6.0,6.0,29.0,6.0
2201,29.0,6.0,6.0,29.0,6.0
2202,29.0,6.0,6.0,29.0,6.0
2203,29.0,6.0,6.0,29.0,6.0
2204,29.0,9.0,9.0,29.0,9.0
2205,29.0,9.0,9.0,29.0,9.0
2206,29.0,9.0,9.0,29.0,9.0
2207,29.0,9.0,9.0,29.0,9.0
2208,29.0,9.0,9.0,29.0,9.0
2209,29.0,9.0,9.0,29.0,9.0
2210,29.0,2.0,2.0,29.0,2.0
2211,29.0,2.0,2.0,29.0,2.0
2212,29.0,2.0,2.0,29.0,2.0
2213,29.0,2.0,2.0,29.0,2.0
2214,29.0,2.0,2.0,29.0,2.0
2215,29.0,2.0,2.0,29.0,2.0
2216,29.0,2.0,2.0,29.0,2.0
2217,29.0,7.0,7.0,29.0,7.0
2218,29.0,7.0,7.0,29.0,7.0
2219,29.0,6.0,6.0,29.0,6.0
2220,29.0,6.0,6.0,29.0,6.0
2221,29.0,3.0,3.0,29.0,3.0
2222,29.0,7.0,7.0,29.0,7.0
2223,29.0,7.0,7.0,29.0,7.0
2224,29.0,12.0,12.0,29.0,12.0
2225,29.0,11.0,11.0,28.0,11.0
2226,29.0,11.0,11.0,28.0,11.0
2227,29.0,13.0,13.0,25.0,13.0
2228,29.0,12.0,12.0,26.0,12.0
2229,29.0,14.0,14.0,28.0,14.0
2230,29.0,13.0,13.0,24.0,13.0
2231,29.0,13.0,13.0,24.0,13.0
2232,29.0,12.0,12.0,23.0,12.0
2233,29.0,12.0,12.0,23.0,12.0
2234,29.0,8.0,8.0,23.0,8.0
2235,29.0,8.0,8.0,23.0,8.0
2236,29.0,4.0,4.0,19.0,4.0
2237,29.0,4.0,4.0,19.0,4.0
2238,29.0,7.0,7.0,17.0,7.0
2239,29.0,7.0,7.0,17.0,7.0
2240,29.0,6.0,6.0,17.0,6.0
2241,29.0,6.0,6.0,17.0,6.0
2242,29.0,5.0,5.0,20.0,5.0
2243,29.0,5.0,5.0,20.0,5.0
2244,29.0,4.0,4.0,18.0,4.0
2245,29.0,4.0,4.0,18.0,4.0
2246,29.0,4.0,4.0,19.0,4.0
2247,29.0,4.0,4.0,19.0,4.0
2248,29.0,7.0,7.0,14.0,7.0
2249,29.0,7.0,7.0,14.0,7.0
2250,29.0,10.0,10.0,15.0,10.0
2251,29.0,10.0,10.0,15.0,10.0
2252,29.0,13.0,13.0,16.0,13.0
2253,29.0,13.0,13.0,16.0,13.0
2254,29.0,14.0,14.0,15.0,14.0
2255,29.0,14.0,14.0,15.0,14.0
2256,29.0,12.0,12.0,17.0,12.0
2257,29.0,12.0,12.0,17.0,12.0
2258,29.0,14.0,14.0,19.0,14.0
2259,29.0,14.0,14.0,19.0,14.0
2260,29.0,8.0,8.0,19.0,8.0
2261,29.0,8.0,8.0,19.0,8.0
2262,29.0,8.0,8.0,20.0,8.0
2263,29.0,8.0,8.0,20.0,8.0
2264,29.0,9.0,9.0,21.0,9.0
2265,29.0,9.0,9.0,21.0,9.0
2266,29.0,14.0,14.0,22.0,14.0
2267,29.0,14.0,14.0,22.0,14.0
2268,29.0,10.0,10.0,23.0,10.0
2269,29.0,10.0,10.0,23.0,10.0
2270,29.0,14.0,14.0,20.0,14.0
2271,29.0,10.0,10.0,20.0,10.0
2272,29.0,10.0,10.0,20.0,10.0
2273,29.0,9.0,9.0,22.0,9.0
2274,29.0,9.0,9.0,22.0,9.0
2275,29.0,12.0,12.0,23.0,12.0
2276,29.0,12.0,12.0,23.0,12.0
2277,29.0,10.0,10.0,23.0,10.0
2278,29.0,18.0,18.0,26.0,18.0
2279,29.0,18.0,18.0,26.0,18.0
2280,29.0,17.0,17.0,24.0,17.0
2281,29.0,17.0,17.0,24.0,17.0
2282,29.0,11.0,11.0,29.0,11.0
2283,29.0,11.0,11.0,29.0,11.0
2284,29.0,18.0,18.0,29.0,18.0
2285,29.0,8.0,8.0,21.0,8.0
2286,29.0,9.0,9.0,16.0,9.0
2287,29.0,7.0,7.0,18.0,7.0
2288,29.0,2.0,2.0,18.0,2.0
2289,29.0,5.0,5.0,15.0,5.0
2290,29.0,4.0,4.0,18.0,4.0
2291,29.0,8.0,8.0,18.0,8.0
2292,29.0,7.0,7.0,17.0,7.0
